id,first_name,last_name,email,gender,ip_address,cars
1,Stanly,Ledrane,sledrane0@imdb.com,Male,7.3.62.183,Mercedes-Benz
2,Zachary,Guslon,zguslon1@webmd.com,Male,223.126.180.215,Pontiac
3,Gui,Digg,gdigg2@google.pl,Genderfluid,246.123.122.168,Maybach
4,Orelie,Cuthill,ocuthill3@yellowbook.com,Female,22.182.112.180,BMW
5,Arny,Neal,aneal4@vistaprint.com,Male,223.230.119.152,Toyota
6,Gunner,Legges,glegges5@sina.com.cn,Male,169.122.220.52,GMC
7,Gustavo,Trevorrow,gtrevorrow6@telegraph.co.uk,Male,170.88.142.214,Dodge
8,Anitra,Seabrook,aseabrook7@surveymonkey.com,Female,220.152.194.160,Mercedes-Benz
9,Ali,Dureden,adureden8@github.io,Male,141.241.103.64,Subaru
10,Lovell,Alderwick,lalderwick9@ask.com,Male,227.254.51.65,Volkswagen
11,Carroll,Doogue,cdooguea@msu.edu,Male,230.124.184.249,Mercedes-Benz
12,Sibyl,Seathwright,sseathwrightb@creativecommons.org,Female,134.23.208.117,Mercedes-Benz
13,Reinald,Nutman,rnutmanc@seesaa.net,Male,255.17.77.0,Mercedes-Benz
14,Alvie,Bellamy,abellamyd@yahoo.co.jp,Male,238.18.213.152,Cadillac
15,Base,Klazenga,bklazengae@csmonitor.com,Male,76.181.210.9,Ford
16,Mimi,Hansod,mhansodf@ucoz.ru,Agender,142.214.165.160,Tesla
17,Brocky,Caulket,bcaulketg@stanford.edu,Male,240.107.168.249,Infiniti
18,Devon,Grandisson,dgrandissonh@npr.org,Genderqueer,201.28.168.246,Mitsubishi
19,Adrian,Pindar,apindari@bloglovin.com,Female,178.244.0.168,Jeep
20,Jillie,Ghidoli,jghidolij@goo.ne.jp,Female,228.38.64.3,Ford
21,Arlena,Ronaghan,aronaghank@hubpages.com,Female,200.151.118.6,Ford
22,Elroy,Manjot,emanjotl@google.com,Male,150.148.42.37,Ford
23,Drusy,Patrick,dpatrickm@google.fr,Female,7.191.34.34,Suzuki
24,Violante,Potteril,vpotteriln@howstuffworks.com,Genderfluid,4.59.227.217,Toyota
25,Lucie,Craig,lcraigo@webeden.co.uk,Female,24.171.242.30,BMW
26,Luce,Felgate,lfelgatep@mozilla.com,Genderqueer,24.21.24.158,Rolls-Royce
27,Ronalda,McCrorie,rmccrorieq@google.nl,Female,23.188.40.159,GMC
28,Amalie,Cleverley,acleverleyr@intel.com,Female,124.218.88.44,Honda
29,Nicholas,Gross,ngrosss@archive.org,Male,99.209.156.207,Mazda
30,Rhody,Calloway,rcallowayt@nymag.com,Polygender,131.156.207.196,Acura
31,Rosalinda,Enocksson,renockssonu@behance.net,Female,123.127.12.233,Volvo
32,Edwin,Papachristophorou,epapachristophorouv@hostgator.com,Male,175.143.210.87,Buick
33,Hersh,Vaughan,hvaughanw@tripadvisor.com,Genderqueer,168.128.3.126,Chrysler
34,Gauthier,Kitt,gkittx@usda.gov,Polygender,237.183.104.137,Jeep
35,Ber,Allner,ballnery@ow.ly,Male,88.240.158.224,Hyundai
36,Becki,Vispo,bvispoz@reddit.com,Female,241.123.8.89,Ford
37,Alasdair,Fibbit,afibbit10@nytimes.com,Male,148.44.35.109,Holden
38,Laurie,Colegrove,lcolegrove11@senate.gov,Male,225.147.19.171,Mazda
39,Deana,Abramin,dabramin12@microsoft.com,Female,252.227.135.25,Lincoln
40,Michail,Laundon,mlaundon13@about.me,Male,129.100.25.121,Eagle
41,Burl,Kenna,bkenna14@nyu.edu,Male,229.92.61.202,Buick
42,Ettie,Oxtaby,eoxtaby15@wunderground.com,Female,150.131.93.41,Jaguar
43,Curry,Cornelisse,ccornelisse16@opera.com,Male,37.247.85.12,Mercedes-Benz
44,Nelly,Peplaw,npeplaw17@symantec.com,Genderfluid,52.173.190.127,Mercury
45,Armand,Packham,apackham18@ihg.com,Male,167.173.129.121,Infiniti
46,Charmian,Dilon,cdilon19@topsy.com,Female,195.58.26.169,Mercedes-Benz
47,Fiann,Crookshanks,fcrookshanks1a@imageshack.us,Genderqueer,244.246.144.117,GMC
48,Gabe,Angerstein,gangerstein1b@house.gov,Male,50.184.71.138,Nissan
49,Garold,Garlette,ggarlette1c@stanford.edu,Male,3.224.122.254,Volvo
50,Keelia,Glison,kglison1d@google.de,Female,23.141.203.63,Dodge
51,Jeff,Gudge,jgudge1e@paginegialle.it,Male,224.251.27.211,Mazda
52,North,Pibsworth,npibsworth1f@businessweek.com,Male,62.65.31.147,Chevrolet
53,Wrennie,Paunsford,wpaunsford1g@hostgator.com,Female,180.164.48.164,Porsche
54,Isabella,Daudray,idaudray1h@cbsnews.com,Bigender,77.214.101.74,Mazda
55,Philippe,Eggleson,peggleson1i@ihg.com,Female,139.101.96.92,Ford
56,Aloysius,Forster,aforster1j@edublogs.org,Male,79.34.248.179,Jaguar
57,Marylinda,Isaq,misaq1k@hexun.com,Female,40.70.178.190,BMW
58,Amy,Oxburgh,aoxburgh1l@typepad.com,Female,27.19.69.190,Chevrolet
59,Selie,Downe,sdowne1m@ted.com,Female,227.92.161.230,Toyota
60,Morena,Briscoe,mbriscoe1n@microsoft.com,Female,136.170.178.96,Porsche
61,Valry,Constantine,vconstantine1o@skype.com,Female,144.112.238.77,Volkswagen
62,Kaitlin,Arthurs,karthurs1p@digg.com,Female,99.127.217.48,Pontiac
63,Sherwynd,Terbrugge,sterbrugge1q@liveinternet.ru,Male,28.178.107.198,Chrysler
64,Jedidiah,Roland,jroland1r@technorati.com,Male,223.146.184.121,Ford
65,Bald,Smalls,bsmalls1s@huffingtonpost.com,Male,239.15.51.219,Jeep
66,Carri,Cuffe,ccuffe1t@elegantthemes.com,Genderfluid,184.205.253.73,Chevrolet
67,Yank,Dunbabin,ydunbabin1u@cbslocal.com,Male,156.71.250.64,Saturn
68,Denys,Cosgriff,dcosgriff1v@friendfeed.com,Female,180.239.242.19,Toyota
69,Howard,Kaines,hkaines1w@vkontakte.ru,Non-binary,192.224.0.220,Chevrolet
70,Barrie,Croad,bcroad1x@whitehouse.gov,Female,13.41.124.172,Smart
71,Guillema,Cortnay,gcortnay1y@google.nl,Bigender,82.0.248.240,Mazda
72,Holly,Rendall,hrendall1z@gravatar.com,Male,25.243.196.20,Chevrolet
73,Mikel,Kidder,mkidder20@abc.net.au,Male,159.51.83.72,Mitsubishi
74,Salim,Bewly,sbewly21@bloglovin.com,Male,58.6.213.69,Mercedes-Benz
75,Allyn,Ganley,aganley22@desdev.cn,Male,121.60.192.177,Chrysler
76,Min,Aldersey,maldersey23@blinklist.com,Female,197.83.98.174,Jaguar
77,Fergus,Yakubovich,fyakubovich24@forbes.com,Male,142.5.178.17,Lincoln
78,Efrem,Gehrtz,egehrtz25@about.com,Male,44.16.188.96,Cadillac
79,Brandtr,Auten,bauten26@constantcontact.com,Male,38.141.110.197,Acura
80,Dagny,Perrins,dperrins27@bloglines.com,Male,27.136.235.139,Mitsubishi
81,Chevalier,Kremer,ckremer28@about.com,Male,124.83.215.254,Lamborghini
82,Edward,Brady,ebrady29@sohu.com,Male,46.1.44.177,Volkswagen
83,Joseph,Covotto,jcovotto2a@blinklist.com,Male,216.36.185.193,Infiniti
84,Homerus,Gwalter,hgwalter2b@cargocollective.com,Genderqueer,165.214.107.92,Honda
85,Rachele,Saynor,rsaynor2c@eepurl.com,Non-binary,34.81.191.194,Buick
86,Coraline,McSkeagan,cmcskeagan2d@irs.gov,Female,242.76.183.25,Porsche
87,Hall,Kearey,hkearey2e@howstuffworks.com,Male,150.7.4.218,Pontiac
88,Mable,Traviss,mtraviss2f@facebook.com,Female,118.41.83.14,Ford
89,Elfreda,Joselovitch,ejoselovitch2g@adobe.com,Female,178.172.80.137,Isuzu
90,Trudey,Dohmann,tdohmann2h@php.net,Female,241.142.74.65,Dodge
91,Washington,Ornelas,wornelas2i@msu.edu,Male,136.3.156.101,Honda
92,Vivienne,Ortes,vortes2j@ucla.edu,Female,149.74.102.150,Pontiac
93,Sibeal,Narramor,snarramor2k@storify.com,Female,224.10.154.249,Isuzu
94,Jennie,MacComiskey,jmaccomiskey2l@kickstarter.com,Genderfluid,187.249.48.74,Honda
95,Cullie,D'eathe,cdeathe2m@dailymotion.com,Male,32.255.161.167,Land Rover
96,Mariya,Goudge,mgoudge2n@scientificamerican.com,Female,14.253.184.115,Toyota
97,Duke,Slipper,dslipper2o@google.co.uk,Male,54.233.56.179,Ford
98,Den,Lutman,dlutman2p@bbb.org,Male,170.73.38.141,Ford
99,Duncan,Gelardi,dgelardi2q@apple.com,Male,241.17.6.38,Jeep
100,Thacher,Renforth,trenforth2r@cnet.com,Male,133.5.16.74,Suzuki
101,Ryun,Wharfe,rwharfe2s@homestead.com,Male,42.97.183.113,Maserati
102,Marita,Shankland,mshankland2t@networksolutions.com,Female,226.230.203.31,Porsche
103,Urson,Barneveld,ubarneveld2u@sciencedaily.com,Male,33.197.59.120,Lexus
104,Obediah,Fallis,ofallis2v@youtube.com,Male,71.145.35.241,Buick
105,Aleta,Dungate,adungate2w@mit.edu,Female,217.27.74.240,Audi
106,Ric,Albasini,ralbasini2x@soundcloud.com,Male,163.22.128.222,Lexus
107,Kalle,Barkus,kbarkus2y@smugmug.com,Male,177.111.64.152,Lincoln
108,Elroy,Winters,ewinters2z@spotify.com,Bigender,253.69.179.236,Dodge
109,Bernhard,Earney,bearney30@earthlink.net,Male,233.194.178.196,Ford
110,Miltie,Medway,mmedway31@quantcast.com,Male,233.142.178.156,Chevrolet
111,Jori,Giacovetti,jgiacovetti32@buzzfeed.com,Female,194.78.88.41,Oldsmobile
112,Denney,Hampshire,dhampshire33@alibaba.com,Genderfluid,156.93.187.48,BMW
113,Myer,MacElholm,mmacelholm34@tripadvisor.com,Male,101.82.168.20,Buick
114,Eustacia,Gauvin,egauvin35@independent.co.uk,Female,242.122.133.75,Lincoln
115,Ashton,Pariss,apariss36@joomla.org,Male,145.82.54.166,Nissan
116,Boigie,Bonnet,bbonnet37@statcounter.com,Male,15.178.219.207,Mercury
117,Mavra,Rothery,mrothery38@adobe.com,Non-binary,74.46.251.70,Mercury
118,Vincenz,Maytom,vmaytom39@salon.com,Male,157.20.52.131,Mitsubishi
119,Carson,Faulconer,cfaulconer3a@google.co.jp,Male,0.139.56.240,Chrysler
120,Boonie,McKinnon,bmckinnon3b@homestead.com,Male,101.232.189.160,GMC
121,Terri,Clashe,tclashe3c@blogtalkradio.com,Male,254.149.251.208,Buick
122,Antoni,Bellingham,abellingham3d@sakura.ne.jp,Male,242.39.44.202,Jeep
123,Kara-lynn,Maymond,kmaymond3e@arstechnica.com,Female,60.112.189.214,Toyota
124,Amalita,Frodsham,afrodsham3f@whitehouse.gov,Female,232.147.170.24,Isuzu
125,Cesar,Domegan,cdomegan3g@msn.com,Male,91.231.18.139,Mitsubishi
126,Alyosha,Tarply,atarply3h@fema.gov,Male,200.210.121.94,Honda
127,Marcello,Demanche,mdemanche3i@scribd.com,Male,139.118.200.192,Pontiac
128,Craig,Heakey,cheakey3j@alibaba.com,Male,102.159.106.246,Isuzu
129,Sherman,Ormiston,sormiston3k@cbslocal.com,Male,25.141.207.89,Audi
130,Dennet,Wisniewski,dwisniewski3l@dion.ne.jp,Male,183.156.147.238,Lotus
131,Alvin,Dudek,adudek3m@yahoo.co.jp,Male,100.42.38.202,Maserati
132,Erich,Petrol,epetrol3n@dailymail.co.uk,Male,88.207.93.47,GMC
133,Fredrick,Dronsfield,fdronsfield3o@google.nl,Male,251.123.48.165,Plymouth
134,Verna,Cassley,vcassley3p@examiner.com,Female,147.27.111.61,Dodge
135,Immanuel,Alcalde,ialcalde3q@creativecommons.org,Male,100.136.106.151,Lexus
136,Stern,Gilvear,sgilvear3r@cnbc.com,Polygender,158.217.40.105,Toyota
137,Rocky,Attwill,rattwill3s@exblog.jp,Male,58.193.110.63,Buick
138,Celestyn,Kellick,ckellick3t@google.it,Female,165.134.99.106,Ford
139,Thelma,McChesney,tmcchesney3u@upenn.edu,Female,57.12.212.54,Pontiac
140,Harry,Lys,hlys3v@wunderground.com,Non-binary,33.223.97.18,Jaguar
141,Jesus,Salzburger,jsalzburger3w@dagondesign.com,Male,220.146.187.113,Hummer
142,Charity,Wardesworth,cwardesworth3x@sourceforge.net,Female,240.29.68.131,BMW
143,Sarge,Happer,shapper3y@vinaora.com,Male,202.70.44.145,Dodge
144,Felice,Siflet,fsiflet3z@tripadvisor.com,Genderqueer,25.81.21.5,Suzuki
145,Marni,Coenraets,mcoenraets40@blogspot.com,Genderqueer,102.10.186.62,Mazda
146,Leora,Christoffe,lchristoffe41@drupal.org,Female,161.31.8.246,Toyota
147,Katina,Corps,kcorps42@xing.com,Female,141.138.166.244,Kia
148,Rollins,Stallworthy,rstallworthy43@stumbleupon.com,Male,170.51.27.148,Chevrolet
149,Andree,Alyukin,aalyukin44@ihg.com,Female,140.76.6.100,Volkswagen
150,Arline,Preator,apreator45@omniture.com,Female,152.82.162.153,Jeep
151,Florencia,Plews,fplews46@google.com.au,Female,160.254.182.157,Mazda
152,Caroline,Elnough,celnough47@fotki.com,Polygender,242.195.120.104,GMC
153,Sarina,Dowers,sdowers48@toplist.cz,Female,201.16.81.45,Oldsmobile
154,Pammy,Truckell,ptruckell49@hc360.com,Female,77.149.17.111,Dodge
155,Kiri,Spradbrow,kspradbrow4a@soup.io,Female,104.106.131.35,Volvo
156,Shurlocke,Sutterfield,ssutterfield4b@constantcontact.com,Non-binary,68.248.180.8,Jeep
157,Brig,Wetheril,bwetheril4c@engadget.com,Male,31.174.188.29,Mercedes-Benz
158,Bertrand,Pavinese,bpavinese4d@hc360.com,Male,67.174.48.251,Jaguar
159,Abe,Farrey,afarrey4e@psu.edu,Male,201.41.234.234,Suzuki
160,Florry,Comiam,fcomiam4f@ehow.com,Female,125.26.186.227,Mitsubishi
161,Lynde,Dubble,ldubble4g@weather.com,Female,63.162.86.232,Nissan
162,Marshall,Gauche,mgauche4h@google.com,Male,116.126.218.59,GMC
163,Barthel,Lavis,blavis4i@geocities.jp,Male,96.85.66.113,Infiniti
164,Amelina,Bleeze,ableeze4j@joomla.org,Female,83.40.45.221,Jeep
165,Jaquenetta,Hryniewicz,jhryniewicz4k@liveinternet.ru,Female,221.178.105.35,Volkswagen
166,Christalle,Lanphier,clanphier4l@nsw.gov.au,Female,4.55.208.72,BMW
167,Darius,Bickley,dbickley4m@gnu.org,Male,44.145.10.39,Audi
168,Tobin,Duigenan,tduigenan4n@accuweather.com,Male,67.184.94.169,Volkswagen
169,Lil,MacKain,lmackain4o@pcworld.com,Female,217.47.216.30,Ford
170,Vasilis,Flowith,vflowith4p@narod.ru,Male,64.94.105.132,Chevrolet
171,Adler,Pithcock,apithcock4q@stanford.edu,Male,222.53.86.250,Volkswagen
172,Andonis,Barthropp,abarthropp4r@dion.ne.jp,Male,53.131.195.132,Chevrolet
173,Chickie,Maling,cmaling4s@gmpg.org,Female,198.216.156.198,Mazda
174,Kareem,Redmayne,kredmayne4t@msn.com,Male,158.203.108.107,Volvo
175,Jody,Joannet,jjoannet4u@mashable.com,Female,173.159.53.94,Buick
176,Cindelyn,Lumsdall,clumsdall4v@geocities.com,Female,243.147.163.251,BMW
177,Davie,Lautie,dlautie4w@jugem.jp,Male,199.171.218.116,Acura
178,Vladimir,Roubottom,vroubottom4x@psu.edu,Male,55.181.208.120,Toyota
179,Madella,Minico,mminico4y@unesco.org,Female,71.211.84.140,Kia
180,Katee,Mariet,kmariet4z@ocn.ne.jp,Female,80.247.250.246,Ford
181,Aubine,Durkin,adurkin50@biblegateway.com,Female,166.154.93.139,Volvo
182,Ty,Celier,tcelier51@istockphoto.com,Male,206.115.132.219,Ford
183,Zollie,Gullberg,zgullberg52@si.edu,Male,26.121.210.32,Chevrolet
184,Caressa,Fashion,cfashion53@msn.com,Female,14.228.30.22,Mazda
185,Bess,Cleve,bcleve54@usda.gov,Female,252.239.129.102,Volkswagen
186,Kristal,Patise,kpatise55@github.io,Female,155.55.103.88,Chevrolet
187,Ad,Crumly,acrumly56@plala.or.jp,Male,62.181.143.233,Audi
188,Fairlie,Shipman,fshipman57@stanford.edu,Male,121.188.100.158,Mercedes-Benz
189,Ludwig,Thomazin,lthomazin58@liveinternet.ru,Genderqueer,85.67.23.238,Mercury
190,Flinn,Chaston,fchaston59@webnode.com,Genderqueer,142.178.36.169,Volvo
191,Gracie,Crawford,gcrawford5a@mtv.com,Female,14.4.125.118,Holden
192,Correy,O'Sheerin,cosheerin5b@geocities.jp,Male,127.94.219.20,Toyota
193,Raquel,Twyford,rtwyford5c@washingtonpost.com,Agender,170.110.143.3,Mitsubishi
194,Hedy,Kerwick,hkerwick5d@xrea.com,Female,161.81.182.160,Toyota
195,Joli,Walsham,jwalsham5e@myspace.com,Female,53.95.182.176,Mercedes-Benz
196,Riva,Bloomfield,rbloomfield5f@cam.ac.uk,Female,48.168.22.0,Volkswagen
197,Estelle,Bathersby,ebathersby5g@woothemes.com,Female,234.193.185.68,Pontiac
198,Flory,Pickring,fpickring5h@eepurl.com,Female,99.124.174.59,Kia
199,Wolfy,Argabrite,wargabrite5i@weebly.com,Male,177.77.83.193,Lexus
200,Madeline,Shadrack,mshadrack5j@huffingtonpost.com,Female,11.81.19.148,Chevrolet
201,Basilio,Dust,bdust5k@acquirethisname.com,Male,79.11.128.163,Honda
202,Kaila,Kittiman,kkittiman5l@prweb.com,Female,10.68.180.77,Ford
203,Waldemar,Curtin,wcurtin5m@lycos.com,Male,68.31.195.137,Kia
204,Barney,Brecknall,bbrecknall5n@pcworld.com,Male,206.169.101.101,Dodge
205,Jerad,Brewse,jbrewse5o@typepad.com,Male,18.122.218.167,Chevrolet
206,Marlyn,Shurlock,mshurlock5p@foxnews.com,Female,201.227.211.215,Ford
207,Ellery,Dominiak,edominiak5q@thetimes.co.uk,Male,211.3.34.43,Mercedes-Benz
208,Sherlock,Ahern,sahern5r@trellian.com,Male,213.164.17.182,Nissan
209,Kathrine,Blenkin,kblenkin5s@netlog.com,Female,207.226.109.230,Ford
210,Gilly,Edel,gedel5t@privacy.gov.au,Female,36.88.237.249,Ford
211,Ignaz,Blakeston,iblakeston5u@timesonline.co.uk,Male,36.38.120.131,Audi
212,Terrie,Prozescky,tprozescky5v@amazon.com,Female,40.37.247.137,Mitsubishi
213,Drud,Revelle,drevelle5w@ovh.net,Male,49.52.40.174,Oldsmobile
214,Corabel,Tyas,ctyas5x@google.com,Female,194.24.117.127,Chevrolet
215,Sigrid,Dyshart,sdyshart5y@oaic.gov.au,Female,108.94.186.165,Chevrolet
216,Verine,Hopewell,vhopewell5z@scientificamerican.com,Polygender,248.70.224.111,Volkswagen
217,Hallie,Essame,hessame60@sciencedirect.com,Female,77.148.211.163,Pontiac
218,Had,Kinleyside,hkinleyside61@123-reg.co.uk,Male,238.218.131.233,Lexus
219,Oliver,Newcom,onewcom62@indiatimes.com,Male,95.212.87.246,Ford
220,Yorke,Jacketts,yjacketts63@mac.com,Male,200.164.2.229,Aston Martin
221,Lenci,Bausor,lbausor64@list-manage.com,Male,187.136.65.149,Tesla
222,Hanny,Brickett,hbrickett65@google.cn,Female,243.104.44.222,Ford
223,Adolpho,Blackler,ablackler66@ustream.tv,Non-binary,52.174.163.17,Chevrolet
224,Ollie,Vasyatkin,ovasyatkin67@timesonline.co.uk,Male,196.202.76.231,GMC
225,Vladamir,Latimer,vlatimer68@mac.com,Male,127.231.154.131,Chevrolet
226,El,Wybrew,ewybrew69@alexa.com,Male,82.172.207.161,Nissan
227,Quint,Daice,qdaice6a@oakley.com,Male,129.170.177.227,Nissan
228,Giorgi,Okenden,gokenden6b@deliciousdays.com,Male,40.229.137.75,Maserati
229,Bertine,Muldoon,bmuldoon6c@wufoo.com,Female,233.1.196.43,Infiniti
230,Hadlee,Drennan,hdrennan6d@mapquest.com,Male,80.145.81.154,Volvo
231,Kingsly,Gosnold,kgosnold6e@bloglines.com,Male,67.105.3.203,Lexus
232,Deny,Rabbatts,drabbatts6f@un.org,Female,112.144.8.250,Mitsubishi
233,Faustina,Self,fself6g@behance.net,Female,189.196.238.142,Ford
234,Samuele,Crimmins,scrimmins6h@list-manage.com,Male,61.105.55.190,Mercedes-Benz
235,Mufinella,Peggs,mpeggs6i@printfriendly.com,Female,220.138.246.104,Buick
236,Meghan,Devinn,mdevinn6j@barnesandnoble.com,Female,49.112.120.157,Mazda
237,Doretta,McShirie,dmcshirie6k@va.gov,Female,176.120.168.160,Bentley
238,Murry,Kidston,mkidston6l@google.es,Male,15.67.194.246,GMC
239,Francis,Kaiser,fkaiser6m@godaddy.com,Male,184.65.227.30,Maybach
240,Odessa,Firminger,ofirminger6n@walmart.com,Female,39.94.134.3,Ford
241,Homere,Haysey,hhaysey6o@hibu.com,Male,228.81.98.98,Chevrolet
242,Sherwynd,Sailor,ssailor6p@gmpg.org,Male,129.30.9.169,Ford
243,Jammal,MacCall,jmaccall6q@nyu.edu,Male,91.96.150.89,Toyota
244,Jaye,Rennicks,jrennicks6r@smugmug.com,Male,183.242.37.248,Cadillac
245,Nancee,Lisamore,nlisamore6s@bigcartel.com,Female,158.94.148.218,Fiat
246,Giraud,Tonkin,gtonkin6t@jimdo.com,Genderfluid,14.202.203.175,Suzuki
247,Debby,Klemke,dklemke6u@illinois.edu,Female,9.58.82.99,Mitsubishi
248,Laverne,Garlee,lgarlee6v@nhs.uk,Female,95.215.220.91,Suzuki
249,Celestina,Frankton,cfrankton6w@java.com,Female,116.198.9.124,Mazda
250,Leanna,Simister,lsimister6x@blogtalkradio.com,Female,30.59.252.84,Kia
251,Terrence,Conan,tconan6y@foxnews.com,Male,232.147.174.118,Lincoln
252,Brok,Ruppertz,bruppertz6z@livejournal.com,Male,167.29.74.55,Buick
253,Yule,Wilshaw,ywilshaw70@phoca.cz,Male,38.230.243.113,Kia
254,Lowrance,Courtney,lcourtney71@va.gov,Male,196.240.94.64,Mitsubishi
255,Kessia,Curzey,kcurzey72@nifty.com,Female,99.247.56.247,Porsche
256,Celinka,Eggins,ceggins73@cloudflare.com,Female,244.246.239.162,Cadillac
257,Nickolai,Matonin,nmatonin74@army.mil,Male,118.102.20.237,Chevrolet
258,Chad,Thayre,cthayre75@unicef.org,Male,242.164.117.194,Jeep
259,Adler,Thon,athon76@themeforest.net,Non-binary,226.83.143.34,Chevrolet
260,Bryon,Beardsley,bbeardsley77@nationalgeographic.com,Male,146.255.196.137,Infiniti
261,Chicky,Pieroni,cpieroni78@ezinearticles.com,Female,40.236.251.128,Infiniti
262,Lory,Boddis,lboddis79@noaa.gov,Bigender,255.3.232.113,Land Rover
263,Sergio,Searles,ssearles7a@google.com.br,Male,193.230.225.168,Suzuki
264,Livvy,Abram,labram7b@gmpg.org,Female,87.154.98.50,Dodge
265,Miguel,De Metz,mdemetz7c@sourceforge.net,Male,182.162.119.174,Chevrolet
266,Teodorico,Korneichik,tkorneichik7d@walmart.com,Male,74.29.252.173,Chevrolet
267,Niki,Paulat,npaulat7e@opera.com,Female,145.31.14.1,Buick
268,Johnnie,Napoli,jnapoli7f@google.it,Male,146.37.69.121,BMW
269,Drake,Witcher,dwitcher7g@dailymail.co.uk,Male,246.174.200.186,Lincoln
270,Fulvia,Beetham,fbeetham7h@wix.com,Female,184.176.75.160,Buick
271,Ralf,McCree,rmccree7i@dyndns.org,Genderfluid,77.120.67.28,Saab
272,Biddie,Dutt,bdutt7j@imdb.com,Female,32.174.22.165,Chrysler
273,Bree,Miklem,bmiklem7k@mtv.com,Female,16.188.185.196,Ford
274,Bree,Unsworth,bunsworth7l@businessinsider.com,Female,159.14.68.79,BMW
275,Quincey,Mallard,qmallard7m@dyndns.org,Male,130.194.246.197,BMW
276,Lonny,Castagne,lcastagne7n@360.cn,Genderqueer,92.113.249.232,Porsche
277,Silva,Kinchington,skinchington7o@ning.com,Non-binary,37.58.49.54,Lotus
278,Abbey,Tyrrell,atyrrell7p@cyberchimps.com,Male,64.173.217.134,BMW
279,Shanan,Bentall,sbentall7q@statcounter.com,Male,120.121.206.127,Mazda
280,Archibold,Fust,afust7r@seattletimes.com,Male,104.219.65.31,Buick
281,Trumaine,Jobbins,tjobbins7s@xing.com,Male,86.132.24.208,Audi
282,Kay,Tredwell,ktredwell7t@barnesandnoble.com,Female,67.44.145.110,Toyota
283,Danyelle,Nassi,dnassi7u@globo.com,Female,240.116.32.252,GMC
284,Mathe,Spacy,mspacy7v@wiley.com,Male,215.92.225.0,CitroÃ«n
285,Jennette,Curling,jcurling7w@patch.com,Female,225.67.40.92,Saab
286,Florette,Kaasmann,fkaasmann7x@oracle.com,Polygender,182.2.255.9,Dodge
287,Farrah,Banister,fbanister7y@weather.com,Female,7.149.215.255,Chevrolet
288,Emilio,Hymas,ehymas7z@hatena.ne.jp,Male,240.34.53.95,Dodge
289,Nevile,Rhoddie,nrhoddie80@columbia.edu,Male,20.132.23.215,Dodge
290,Ronny,Becerra,rbecerra81@squidoo.com,Male,38.132.133.250,Buick
291,Corella,Jeandot,cjeandot82@lulu.com,Non-binary,55.209.18.50,Mercedes-Benz
292,Arlen,Longbottom,alongbottom83@over-blog.com,Male,34.217.153.131,Nissan
293,Teddi,Hefforde,thefforde84@nyu.edu,Female,119.85.218.183,Ford
294,Montague,Palia,mpalia85@prlog.org,Male,52.117.24.129,Mitsubishi
295,Raf,Shea,rshea86@yahoo.com,Female,89.217.135.240,Dodge
296,Zitella,Oldaker,zoldaker87@yelp.com,Female,93.2.161.154,GMC
297,Orion,Wallentin,owallentin88@wikimedia.org,Male,58.111.145.137,Chevrolet
298,Fee,Tsar,ftsar89@purevolume.com,Male,62.17.120.65,Mitsubishi
299,Hercule,Pighills,hpighills8a@vinaora.com,Male,101.49.239.183,Lincoln
300,Ashien,Dorken,adorken8b@patch.com,Female,204.130.252.20,Pontiac
301,Berny,McFetrich,bmcfetrich8c@accuweather.com,Male,8.38.127.47,Dodge
302,Marice,Gavan,mgavan8d@bravesites.com,Female,121.96.184.173,BMW
303,Flora,Deedes,fdeedes8e@vistaprint.com,Female,173.160.195.17,MINI
304,Florance,Mingauld,fmingauld8f@aol.com,Female,68.113.203.144,Chevrolet
305,Kenna,Richmond,krichmond8g@unicef.org,Female,36.54.182.103,Chevrolet
306,Zelig,Coad,zcoad8h@ted.com,Male,85.198.150.54,Volvo
307,Andriana,Mouse,amouse8i@tiny.cc,Female,125.74.9.178,Mercedes-Benz
308,Granger,Felkin,gfelkin8j@phpbb.com,Male,155.163.174.95,Volkswagen
309,Anne-corinne,Hallett,ahallett8k@mtv.com,Female,205.154.207.88,Mitsubishi
310,Leupold,Winterson,lwinterson8l@shop-pro.jp,Male,39.158.71.29,Cadillac
311,Garfield,Podmore,gpodmore8m@google.cn,Male,124.249.179.221,Suzuki
312,Krysta,Walak,kwalak8n@slashdot.org,Female,132.59.175.70,Chevrolet
313,Leticia,Whitwood,lwhitwood8o@phoca.cz,Female,213.159.172.228,Mitsubishi
314,Nikolaus,Dent,ndent8p@hhs.gov,Male,97.129.150.123,Saab
315,Minerva,Priscott,mpriscott8q@mac.com,Female,106.30.174.118,Toyota
316,Willetta,Popland,wpopland8r@pinterest.com,Female,121.114.145.76,Pontiac
317,Illa,Longworthy,ilongworthy8s@tinypic.com,Female,106.229.5.159,Honda
318,Andrea,Lamping,alamping8t@pinterest.com,Female,47.176.206.175,Buick
319,Carlotta,Benaine,cbenaine8u@seesaa.net,Bigender,103.225.110.85,Mazda
320,Kristo,Lamond,klamond8v@virginia.edu,Male,82.101.134.96,Subaru
321,Waylan,Luttger,wluttger8w@1688.com,Male,148.135.11.219,Suzuki
322,Chico,Stockton,cstockton8x@jugem.jp,Male,122.130.26.191,Chevrolet
323,Inga,Foot,ifoot8y@virginia.edu,Female,12.124.11.62,Mercury
324,Homere,Ide,hide8z@ucla.edu,Male,114.240.233.206,Chevrolet
325,Land,Riccard,lriccard90@ucsd.edu,Male,75.197.26.85,Scion
326,Nero,Domm,ndomm91@cbsnews.com,Male,226.254.20.190,Mercedes-Benz
327,Binky,Elener,belener92@washington.edu,Male,136.1.105.172,Ford
328,Jessica,Dudman,jdudman93@sbwire.com,Female,42.74.79.220,Volkswagen
329,Augy,Leifer,aleifer94@geocities.jp,Male,179.76.207.100,GMC
330,Dasi,Von Brook,dvonbrook95@printfriendly.com,Female,63.141.224.85,Saab
331,Kimmi,Fenelow,kfenelow96@xinhuanet.com,Female,31.194.205.56,Honda
332,Page,Camlin,pcamlin97@liveinternet.ru,Non-binary,24.144.202.199,BMW
333,Iorgo,Kniveton,ikniveton98@ftc.gov,Male,124.51.38.119,Chevrolet
334,Monroe,Gallety,mgallety99@unblog.fr,Male,113.218.250.89,Chevrolet
335,Raddie,Hegden,rhegden9a@51.la,Male,239.24.196.116,Cadillac
336,Kimmy,Huertas,khuertas9b@rambler.ru,Female,191.72.83.218,Volkswagen
337,Tybi,Cleverly,tcleverly9c@slideshare.net,Female,175.120.18.83,Plymouth
338,Iseabal,Ronchetti,ironchetti9d@comsenz.com,Female,99.116.65.37,Land Rover
339,Gabriele,Somerset,gsomerset9e@parallels.com,Male,150.109.214.247,GMC
340,Freemon,Hollyar,fhollyar9f@angelfire.com,Male,244.125.166.217,Toyota
341,Lavena,Riguard,lriguard9g@cnet.com,Female,115.222.83.4,Acura
342,Laryssa,Duxfield,lduxfield9h@bloomberg.com,Female,76.167.41.86,Pontiac
343,Chester,Jeness,cjeness9i@buzzfeed.com,Male,39.206.205.87,Lexus
344,Mignonne,Sandry,msandry9j@networkadvertising.org,Female,56.169.82.111,Toyota
345,Holly-anne,Whitecross,hwhitecross9k@aol.com,Female,184.2.215.211,Chevrolet
346,John,Scoggans,jscoggans9l@marketwatch.com,Male,99.142.161.140,Nissan
347,Linnet,Safell,lsafell9m@cnet.com,Female,199.59.235.118,Lexus
348,Chicky,Trussler,ctrussler9n@buzzfeed.com,Female,164.95.146.7,Nissan
349,Andros,Hastwell,ahastwell9o@sogou.com,Male,88.175.92.234,Lotus
350,Kristi,Hurles,khurles9p@scribd.com,Female,94.140.14.221,Pontiac
351,Tybie,Autie,tautie9q@ycombinator.com,Female,177.145.51.210,Mercedes-Benz
352,Darby,Mapstone,dmapstone9r@theatlantic.com,Male,180.20.68.152,Morgan
353,Rafael,Basindale,rbasindale9s@reddit.com,Male,176.241.58.84,Mercury
354,Olwen,Starzaker,ostarzaker9t@sfgate.com,Non-binary,119.128.56.23,Ford
355,Linus,Gennerich,lgennerich9u@unc.edu,Male,85.186.46.174,Toyota
356,Leda,Hinksen,lhinksen9v@unesco.org,Female,36.194.242.120,Nissan
357,Saul,Lamplough,slamplough9w@webeden.co.uk,Male,40.172.16.31,Mercedes-Benz
358,Artair,De Souza,adesouza9x@google.it,Male,188.243.66.233,Porsche
359,Winne,Perot,wperot9y@theglobeandmail.com,Female,251.241.187.110,Scion
360,Christie,MacDaid,cmacdaid9z@comcast.net,Male,94.206.200.61,Porsche
361,Farlie,Peabody,fpeabodya0@census.gov,Male,89.74.209.15,Dodge
362,Alica,Fleckness,aflecknessa1@state.tx.us,Female,88.235.139.13,Toyota
363,Persis,Lovelace,plovelacea2@ucoz.com,Polygender,143.171.1.196,Pontiac
364,Javier,Freddi,jfreddia3@oakley.com,Male,252.75.72.61,Acura
365,Cornelius,Rowsel,crowsela4@washington.edu,Bigender,190.7.18.107,Mazda
366,Vicki,Lambotin,vlambotina5@devhub.com,Genderfluid,58.213.44.70,Jeep
367,Janey,Bricket,jbricketa6@merriam-webster.com,Female,47.72.81.246,GMC
368,Zared,Teers,zteersa7@msn.com,Genderqueer,223.172.64.162,Infiniti
369,Garvin,Gower,ggowera8@abc.net.au,Male,17.174.82.21,Nissan
370,Cory,Hallgarth,challgartha9@nifty.com,Male,221.151.62.70,Ford
371,Bernardine,Wallentin,bwallentinaa@aol.com,Female,8.191.48.183,Pontiac
372,Karoly,Iggalden,kiggaldenab@yellowpages.com,Male,166.52.226.120,BMW
373,Kyle,Boles,kbolesac@surveymonkey.com,Male,12.190.56.216,Isuzu
374,Kellie,Morteo,kmorteoad@admin.ch,Female,97.183.224.104,Chevrolet
375,Marrissa,Burnip,mburnipae@biblegateway.com,Female,108.46.108.138,Pontiac
376,Amaleta,Wooder,awooderaf@gravatar.com,Female,238.102.111.107,Pontiac
377,Edita,Gotthard,egotthardag@cbsnews.com,Female,107.49.210.209,Chevrolet
378,Vinson,Forrestill,vforrestillah@woothemes.com,Male,16.207.209.7,Cadillac
379,Karlie,Brownbridge,kbrownbridgeai@wiley.com,Female,74.33.127.225,Jeep
380,Jorge,Baldry,jbaldryaj@google.com.hk,Male,158.53.3.50,Honda
381,Gilberta,Kleinberer,gkleinbererak@jigsy.com,Female,111.11.207.214,Mazda
382,Vic,Clever,vcleveral@goo.gl,Male,31.155.244.36,Volvo
383,Binnie,Jerromes,bjerromesam@sfgate.com,Non-binary,13.226.81.218,Nissan
384,Hedvige,Kemme,hkemmean@vk.com,Female,28.141.49.180,Infiniti
385,Rafaela,MacCartair,rmaccartairao@symantec.com,Female,221.42.200.88,Volvo
386,Jocko,Arnao,jarnaoap@wix.com,Male,105.137.114.120,Nissan
387,Regina,Saines,rsainesaq@xinhuanet.com,Female,209.183.120.66,Pontiac
388,Stirling,Dikels,sdikelsar@posterous.com,Male,156.63.120.127,Cadillac
389,Aurie,Napoleon,anapoleonas@ow.ly,Female,87.216.76.178,Lexus
390,Kennan,Cheshir,kcheshirat@globo.com,Agender,229.2.196.61,Chevrolet
391,Deina,Duferie,dduferieau@eventbrite.com,Agender,167.197.72.237,Honda
392,Babbette,Hilliam,bhilliamav@slideshare.net,Female,71.152.50.60,GMC
393,Hana,Durning,hdurningaw@webs.com,Female,187.127.91.161,Pontiac
394,Natalina,Castellino,ncastellinoax@mail.ru,Female,36.103.184.16,Mercury
395,Ivonne,Abad,iabaday@g.co,Genderfluid,195.158.149.207,Volkswagen
396,Chris,Vertey,cverteyaz@aboutads.info,Female,216.51.130.178,Mitsubishi
397,Darill,Millthorpe,dmillthorpeb0@ed.gov,Male,176.203.47.41,GMC
398,Aeriell,Silcock,asilcockb1@webeden.co.uk,Female,174.224.121.208,Mercury
399,Lanita,Swash,lswashb2@goodreads.com,Female,38.133.72.111,Saab
400,Tanney,Selbie,tselbieb3@admin.ch,Male,153.140.148.46,Nissan
401,Burt,McVie,bmcvieb4@hhs.gov,Male,197.68.78.225,Scion
402,Jerry,O'Glessane,joglessaneb5@barnesandnoble.com,Male,14.188.28.164,Ford
403,Hort,Meharry,hmeharryb6@google.pl,Male,162.103.70.217,Aston Martin
404,Page,Olifard,polifardb7@tiny.cc,Male,171.56.6.159,Suzuki
405,Candi,Toffolini,ctoffolinib8@statcounter.com,Female,71.39.143.214,Daihatsu
406,Lowell,Bothbie,lbothbieb9@ucoz.com,Male,118.168.182.94,Toyota
407,Ernst,Lodford,elodfordba@jugem.jp,Male,27.132.13.155,Toyota
408,Susette,Grimsell,sgrimsellbb@liveinternet.ru,Female,79.91.100.60,Subaru
409,Pam,Morrad,pmorradbc@altervista.org,Female,52.31.10.194,Mitsubishi
410,Berny,Rawdall,brawdallbd@foxnews.com,Male,82.176.51.124,Chevrolet
411,Lissie,McGinnis,lmcginnisbe@biglobe.ne.jp,Female,226.240.4.99,Honda
412,Lusa,Lindmark,llindmarkbf@bloglovin.com,Female,30.241.93.151,Toyota
413,Joyan,McGuigan,jmcguiganbg@alexa.com,Female,140.237.241.4,Saturn
414,Joseito,O'Farrell,jofarrellbh@rambler.ru,Male,182.193.92.226,Scion
415,Wanda,Pidgley,wpidgleybi@wordpress.com,Female,74.110.11.68,BMW
416,Gena,Dotterill,gdotterillbj@sina.com.cn,Female,82.248.133.57,Honda
417,Milzie,Chittenden,mchittendenbk@umich.edu,Female,109.143.98.240,BMW
418,Reinaldos,Lorraine,rlorrainebl@omniture.com,Male,81.70.102.13,Ford
419,Jess,Youngs,jyoungsbm@harvard.edu,Female,12.91.218.162,Ford
420,Ellwood,Siddens,esiddensbn@last.fm,Male,232.44.114.82,GMC
421,Ken,Shorto,kshortobo@technorati.com,Male,56.36.123.51,Cadillac
422,Conrad,Wooton,cwootonbp@imdb.com,Male,16.72.231.83,Lexus
423,Dixie,Purcell,dpurcellbq@clickbank.net,Female,94.24.124.214,Acura
424,Lorne,Gooderick,lgooderickbr@ow.ly,Male,184.55.166.132,Honda
425,Lyndel,Esberger,lesbergerbs@answers.com,Female,143.209.203.20,Ferrari
426,Lil,Wagen,lwagenbt@sakura.ne.jp,Female,186.245.102.114,Mitsubishi
427,Christoper,Gurge,cgurgebu@ycombinator.com,Male,201.85.175.227,Ford
428,Veriee,Arent,varentbv@hostgator.com,Female,43.23.114.118,Chevrolet
429,Jaquenetta,Kelwaybamber,jkelwaybamberbw@oakley.com,Female,4.186.137.139,GMC
430,Penni,Wiggin,pwigginbx@flickr.com,Female,146.109.120.66,Hyundai
431,Felecia,Haskins,fhaskinsby@cnn.com,Bigender,22.244.113.10,Chevrolet
432,Cash,Scarce,cscarcebz@360.cn,Male,214.39.151.78,Ford
433,Obediah,Care,ocarec0@mediafire.com,Male,118.222.146.142,Mazda
434,Jobey,Fennick,jfennickc1@histats.com,Female,206.255.199.214,GMC
435,Federica,Milsted,fmilstedc2@unicef.org,Female,153.127.153.193,BMW
436,Leeanne,Gioani,lgioanic3@purevolume.com,Female,201.116.74.167,Volkswagen
437,Rem,Wood,rwoodc4@nymag.com,Male,111.119.218.197,Chevrolet
438,Thorn,Mosedill,tmosedillc5@howstuffworks.com,Male,106.18.9.52,Hyundai
439,Tripp,Gelderd,tgelderdc6@arizona.edu,Male,160.235.21.255,GMC
440,Nickolaus,Mace,nmacec7@cbslocal.com,Male,228.13.211.41,Audi
441,Micky,Craske,mcraskec8@cpanel.net,Male,81.137.121.104,Mercury
442,Ellyn,Pickerill,epickerillc9@tumblr.com,Female,251.66.88.120,Mercedes-Benz
443,Guy,Housegoe,ghousegoeca@multiply.com,Male,214.26.75.37,Ford
444,Marris,McGarahan,mmcgarahancb@myspace.com,Polygender,185.217.126.224,Nissan
445,Kim,Pankettman,kpankettmancc@bbc.co.uk,Female,73.191.197.221,GMC
446,Beau,Peegrem,bpeegremcd@comcast.net,Male,127.105.66.29,Oldsmobile
447,Kelli,Wofenden,kwofendence@squidoo.com,Female,183.26.1.8,Nissan
448,Itch,Drinan,idrinancf@devhub.com,Male,217.109.169.230,Isuzu
449,Gino,Wollers,gwollerscg@hugedomains.com,Male,106.4.4.139,Volkswagen
450,Hildagard,Lottrington,hlottringtonch@is.gd,Female,25.18.117.204,Isuzu
451,Valera,Cowpe,vcowpeci@usnews.com,Female,115.189.8.190,Chevrolet
452,Linus,Borlease,lborleasecj@state.tx.us,Male,193.184.30.184,Dodge
453,Harriett,Heggadon,hheggadonck@google.de,Female,186.75.149.45,Dodge
454,Dru,Benwell,dbenwellcl@si.edu,Male,177.110.157.120,Mitsubishi
455,Giralda,De Cruze,gdecruzecm@last.fm,Female,190.16.133.155,Lincoln
456,Dianne,Jesteco,djestecocn@blog.com,Female,194.60.88.26,Suzuki
457,Oates,Farquhar,ofarquharco@time.com,Non-binary,51.141.62.70,Mercedes-Benz
458,Kendrick,Bayford,kbayfordcp@prlog.org,Male,192.194.113.117,Infiniti
459,Kennan,McKennan,kmckennancq@miitbeian.gov.cn,Male,221.140.74.192,Saturn
460,Normie,McFadin,nmcfadincr@biblegateway.com,Male,215.224.253.236,Volvo
461,Hewitt,Keely,hkeelycs@sun.com,Male,33.176.236.178,Lotus
462,Frans,McNeilley,fmcneilleyct@e-recht24.de,Male,83.27.201.65,MINI
463,Yvon,Millgate,ymillgatecu@blogger.com,Agender,81.242.189.192,Mercedes-Benz
464,Nikita,Winfield,nwinfieldcv@cnn.com,Male,87.9.239.216,Honda
465,Coralyn,Matushevitz,cmatushevitzcw@rediff.com,Female,119.157.79.132,Audi
466,Iver,Girardengo,igirardengocx@zimbio.com,Genderfluid,111.128.41.4,Hyundai
467,Shell,Hampshaw,shampshawcy@prnewswire.com,Female,172.123.2.135,Aston Martin
468,Bron,Wainwright,bwainwrightcz@csmonitor.com,Male,250.159.50.41,Maserati
469,Gram,Odde,godded0@quantcast.com,Male,43.177.152.217,GMC
470,Verine,Jesson,vjessond1@hhs.gov,Female,45.136.162.12,Lexus
471,Mirna,Simmons,msimmonsd2@privacy.gov.au,Female,181.45.8.32,Mercury
472,Gabriell,Poultney,gpoultneyd3@cdbaby.com,Female,53.46.58.236,Chevrolet
473,Monique,Grainge,mgrainged4@macromedia.com,Female,178.254.183.13,Buick
474,Thane,Routham,trouthamd5@nps.gov,Male,2.111.94.251,Dodge
475,Marcelia,Kix,mkixd6@webs.com,Female,43.178.227.122,Nissan
476,Dina,Merington,dmeringtond7@army.mil,Female,144.87.231.206,BMW
477,Alphonso,Rous,arousd8@nyu.edu,Male,210.183.15.56,Mercury
478,Osmund,Bygraves,obygravesd9@domainmarket.com,Male,249.3.57.68,Ford
479,Quentin,Soonhouse,qsoonhouseda@tiny.cc,Female,122.170.40.175,Dodge
480,Rowney,Kinsella,rkinselladb@auda.org.au,Male,13.44.92.122,Infiniti
481,Ursala,Gomery,ugomerydc@spiegel.de,Genderqueer,46.31.181.128,Lexus
482,Cliff,Peeke-Vout,cpeekevoutdd@constantcontact.com,Male,164.98.92.48,Nissan
483,Jazmin,Kegg,jkeggde@xrea.com,Female,36.226.215.132,Honda
484,Illa,Ubsdell,iubsdelldf@woothemes.com,Female,169.168.124.69,Austin
485,Ulrich,Izsak,uizsakdg@engadget.com,Male,193.65.162.220,Lotus
486,Beau,Demanche,bdemanchedh@google.com.hk,Male,60.75.236.102,Honda
487,Rutter,Cecchetelli,rcecchetellidi@guardian.co.uk,Male,91.151.175.153,Dodge
488,Fairleigh,Stokoe,fstokoedj@cloudflare.com,Male,159.48.111.250,Mazda
489,Andee,McGuire,amcguiredk@etsy.com,Female,186.150.159.54,Ford
490,Janean,Coale,jcoaledl@gnu.org,Female,86.103.90.248,Studebaker
491,Sherm,Symers,ssymersdm@rediff.com,Male,18.99.148.163,Toyota
492,Shaun,Summerlie,ssummerliedn@google.de,Male,217.145.47.238,Mazda
493,Marita,Emmott,memmottdo@discuz.net,Female,77.128.66.159,Mazda
494,Tracy,Hawyes,thawyesdp@unesco.org,Female,129.187.183.4,Bugatti
495,Susann,Horley,shorleydq@pbs.org,Female,240.185.131.110,Toyota
496,Trix,Ginn,tginndr@multiply.com,Female,55.192.78.137,Ford
497,Claudina,MacGowan,cmacgowands@cargocollective.com,Female,123.48.126.188,Buick
498,Godfrey,Jacqueme,gjacquemedt@thetimes.co.uk,Polygender,49.193.121.11,Mercedes-Benz
499,Barnard,Lewsey,blewseydu@howstuffworks.com,Male,248.171.122.81,Chevrolet
500,Garik,Marriot,gmarriotdv@ebay.co.uk,Male,251.160.26.120,MINI
501,Carlee,Wyer,cwyerdw@ehow.com,Female,106.173.207.152,Mitsubishi
502,Brittney,Anfossi,banfossidx@slate.com,Female,12.226.28.212,Ford
503,Deena,Romaint,dromaintdy@techcrunch.com,Female,224.242.144.238,Mercedes-Benz
504,Pierre,Jostan,pjostandz@jiathis.com,Male,91.194.131.22,Cadillac
505,Orin,Froggatt,ofroggatte0@privacy.gov.au,Male,186.73.39.174,Nissan
506,Heloise,Portwaine,hportwainee1@wikimedia.org,Female,4.49.49.232,Nissan
507,Monty,Iori,miorie2@examiner.com,Male,104.59.153.141,Isuzu
508,Victoir,Tolossi,vtolossie3@europa.eu,Male,252.208.136.199,Volkswagen
509,Haze,Astley,hastleye4@facebook.com,Male,232.104.82.173,BMW
510,Art,Isacoff,aisacoffe5@yellowpages.com,Male,28.153.16.79,Ford
511,Dyann,Iacomini,diacominie6@cornell.edu,Female,106.159.7.16,Volkswagen
512,Clem,Hill,chille7@imdb.com,Genderfluid,35.167.55.193,Saab
513,Man,Gudgion,mgudgione8@vimeo.com,Polygender,7.16.241.135,GMC
514,Delmor,Casillas,dcasillase9@bloomberg.com,Male,255.14.85.168,Acura
515,Kamillah,Padula,kpadulaea@ustream.tv,Female,18.251.230.14,Jeep
516,Beaufort,Caesar,bcaesareb@reference.com,Male,208.174.34.183,Audi
517,Teressa,Huffer,thufferec@imageshack.us,Female,238.25.150.149,Chevrolet
518,Ursulina,Duffett,uduffetted@cnbc.com,Female,47.125.147.96,Nissan
519,Kingsley,Chipping,kchippingee@apple.com,Male,79.96.213.94,Lincoln
520,Desmund,Caplis,dcaplisef@pinterest.com,Male,182.114.203.77,Mazda
521,Vivie,Birchwood,vbirchwoodeg@pbs.org,Female,156.214.5.233,Volkswagen
522,Jobye,Eva,jevaeh@amazon.co.uk,Female,116.88.63.26,GMC
523,Ali,Rosenblum,arosenblumei@fastcompany.com,Female,188.209.233.131,Honda
524,Valdemar,Aikman,vaikmanej@skyrock.com,Male,16.47.87.141,Honda
525,Edward,Sweetnam,esweetnamek@aboutads.info,Male,42.15.21.225,Nissan
526,Missie,Scutter,mscutterel@kickstarter.com,Female,68.115.124.136,Mitsubishi
527,Alexandros,Spickett,aspickettem@sphinn.com,Male,214.217.196.85,Chevrolet
528,Chanda,Francom,cfrancomen@cbslocal.com,Female,0.108.108.62,Chevrolet
529,Johnathan,Baggelley,jbaggelleyeo@europa.eu,Male,85.237.199.189,Land Rover
530,Phyllys,Tavinor,ptavinorep@hostgator.com,Female,69.173.37.235,GMC
531,Roscoe,Heberden,rheberdeneq@tiny.cc,Male,15.202.129.96,Toyota
532,Leighton,Dolohunty,ldolohuntyer@census.gov,Male,83.146.141.27,Pontiac
533,Dee dee,Lavers,dlaverses@europa.eu,Female,160.76.66.99,Volkswagen
534,Jodie,Ryhorovich,jryhorovichet@nih.gov,Female,101.147.68.155,Land Rover
535,Loretta,Jeandeau,ljeandeaueu@ebay.com,Female,115.236.213.193,Maserati
536,Marietta,Hrishanok,mhrishanokev@example.com,Male,103.45.68.208,Toyota
537,Gwendolyn,Albin,galbinew@illinois.edu,Female,236.121.168.151,Honda
538,Renault,Nolan,rnolanex@fda.gov,Male,25.51.146.75,Audi
539,Lisle,Fedoronko,lfedoronkoey@fotki.com,Male,9.68.237.136,Porsche
540,Judye,Ditchett,jditchettez@parallels.com,Female,109.69.1.25,Ford
541,Flori,Hutchens,fhutchensf0@ucla.edu,Female,174.39.247.79,GMC
542,Mitzi,Ughetti,mughettif1@harvard.edu,Female,193.228.218.10,Volkswagen
543,Nola,Cud,ncudf2@so-net.ne.jp,Female,66.51.189.220,Maybach
544,Melodee,MacShirrie,mmacshirrief3@desdev.cn,Female,91.5.139.216,Lotus
545,Rochella,Fretter,rfretterf4@weebly.com,Female,99.201.229.178,Hyundai
546,Marv,Lermit,mlermitf5@surveymonkey.com,Male,107.122.193.35,Dodge
547,Rhetta,Thys,rthysf6@ycombinator.com,Female,218.4.160.110,Eagle
548,Aaron,Latour,alatourf7@ning.com,Male,65.125.151.172,Chevrolet
549,Tootsie,Bridie,tbridief8@ebay.co.uk,Female,163.121.61.72,Toyota
550,Westley,Briar,wbriarf9@google.com.au,Male,135.190.28.54,Mazda
551,Alfredo,Suero,asuerofa@bizjournals.com,Male,34.174.89.254,Geo
552,Walsh,Hughes,whughesfb@nhs.uk,Male,129.78.36.50,Maserati
553,Margaretta,Barrs,mbarrsfc@g.co,Female,116.31.138.170,Rolls-Royce
554,Kendrick,Matresse,kmatressefd@cbslocal.com,Male,83.207.172.216,Mercedes-Benz
555,Linn,Joplin,ljoplinfe@home.pl,Male,113.62.190.62,Nissan
556,Brok,Dixsee,bdixseeff@guardian.co.uk,Male,132.117.175.213,Lamborghini
557,Shurwood,Freeberne,sfreebernefg@trellian.com,Male,151.197.217.248,Ford
558,Lila,Sawood,lsawoodfh@blogtalkradio.com,Female,195.7.142.69,Mercedes-Benz
559,Rubetta,Tink,rtinkfi@wikimedia.org,Female,64.28.134.165,Mercedes-Benz
560,Latashia,Harniman,lharnimanfj@techcrunch.com,Female,151.55.10.50,Buick
561,Hadria,Dugdale,hdugdalefk@canalblog.com,Female,45.120.217.30,Chevrolet
562,Goddart,Benbow,gbenbowfl@linkedin.com,Male,24.93.238.61,Chevrolet
563,Concettina,Chinge,cchingefm@pagesperso-orange.fr,Female,117.239.115.173,Maybach
564,Latia,Salleir,lsalleirfn@businesswire.com,Female,124.168.176.225,Ford
565,Hi,Addicote,haddicotefo@rediff.com,Male,39.13.96.112,Pontiac
566,Bink,Izkovitz,bizkovitzfp@reverbnation.com,Agender,227.8.43.40,Dodge
567,Debby,Lerwill,dlerwillfq@statcounter.com,Female,119.34.92.220,Acura
568,Claudetta,Scrafton,cscraftonfr@wsj.com,Polygender,156.159.139.131,Volkswagen
569,Myrvyn,Sutherden,msutherdenfs@ning.com,Male,65.238.210.193,Subaru
570,Xylia,Clowes,xclowesft@dailymotion.com,Female,247.230.65.246,Ford
571,Freddie,Daniau,fdaniaufu@psu.edu,Female,53.91.106.212,Volvo
572,Jameson,Brickdale,jbrickdalefv@dedecms.com,Male,103.213.28.174,Saab
573,Clarine,Sommerville,csommervillefw@discovery.com,Female,107.251.199.44,Saturn
574,Phil,Lehrmann,plehrmannfx@marriott.com,Non-binary,41.245.117.155,Nissan
575,Whitaker,Whittleton,wwhittletonfy@wisc.edu,Male,151.204.110.64,Audi
576,Gus,Zeplin,gzeplinfz@umn.edu,Male,219.83.149.203,Volvo
577,Essie,Turfitt,eturfittg0@shinystat.com,Female,245.155.27.26,Ferrari
578,Loise,McGeouch,lmcgeouchg1@lulu.com,Female,243.91.172.127,Audi
579,Ambrosius,Blowes,ablowesg2@netscape.com,Male,3.1.195.117,GMC
580,Evy,Karpol,ekarpolg3@opensource.org,Female,52.226.9.77,Ford
581,Susann,McFater,smcfaterg4@springer.com,Female,1.29.143.102,Ford
582,Rafa,Athridge,rathridgeg5@dedecms.com,Female,221.154.172.133,Chevrolet
583,Paddie,Fearnley,pfearnleyg6@abc.net.au,Male,112.13.93.79,Bentley
584,Rollins,Dominighi,rdominighig7@apple.com,Male,133.88.209.153,Mazda
585,Imogene,Hobden,ihobdeng8@bloglovin.com,Female,184.222.36.210,Ford
586,Orbadiah,Curnock,ocurnockg9@java.com,Agender,32.11.159.86,Chevrolet
587,Rena,Caudelier,rcaudelierga@eventbrite.com,Female,193.66.193.227,Acura
588,Mel,Llop,mllopgb@sciencedaily.com,Female,19.60.252.227,Buick
589,Giuditta,Bazek,gbazekgc@google.co.jp,Female,10.169.193.229,Chevrolet
590,Becka,Fissenden,bfissendengd@imgur.com,Female,125.153.197.46,Subaru
591,Kermit,Burgan,kburgange@opera.com,Male,197.201.88.75,Lotus
592,Shermie,Lawrenson,slawrensongf@yelp.com,Male,162.82.82.86,Mitsubishi
593,Adey,Kuhnhardt,akuhnhardtgg@w3.org,Female,176.134.171.177,Audi
594,Ado,Crennan,acrennangh@tiny.cc,Male,199.168.146.20,Nissan
595,Ursulina,Allsepp,uallseppgi@example.com,Polygender,113.69.6.164,Toyota
596,Darbee,Simonich,dsimonichgj@exblog.jp,Male,49.97.181.244,Lexus
597,Tallie,Ruddell,truddellgk@furl.net,Female,115.142.12.252,Chevrolet
598,Clo,Shepheard,cshepheardgl@nydailynews.com,Female,48.199.165.75,Cadillac
599,Mohandas,Burgyn,mburgyngm@blinklist.com,Male,68.131.118.49,Mitsubishi
600,Ralina,Stockhill,rstockhillgn@parallels.com,Female,166.129.75.2,GMC
601,Reinold,Torvey,rtorveygo@microsoft.com,Male,99.115.171.195,Audi
602,Bryn,Pahler,bpahlergp@imgur.com,Male,34.193.153.15,Land Rover
603,Alleen,Sleight,asleightgq@fema.gov,Female,154.7.241.210,GMC
604,Mar,Galiero,mgalierogr@trellian.com,Male,121.75.95.207,Mitsubishi
605,Rona,Sperry,rsperrygs@apple.com,Female,18.207.24.98,Dodge
606,Kate,Tolmie,ktolmiegt@wordpress.com,Bigender,91.201.63.54,Nissan
607,Rickert,Bandey,rbandeygu@cnbc.com,Male,213.33.155.13,Subaru
608,Graehme,Tripon,gtripongv@wordpress.com,Male,151.70.184.20,Mitsubishi
609,Marney,Cordero,mcorderogw@xing.com,Female,20.61.140.204,Volkswagen
610,Maurits,Okell,mokellgx@yandex.ru,Agender,10.234.94.219,GMC
611,Sonny,Whittleton,swhittletongy@slashdot.org,Female,141.140.63.164,Audi
612,Sutherland,Whitman,swhitmangz@elpais.com,Male,28.30.33.170,Mazda
613,Frans,Burtwell,fburtwellh0@msu.edu,Male,244.119.228.141,Subaru
614,Irina,Luesley,iluesleyh1@ed.gov,Female,126.210.21.156,Mitsubishi
615,Edeline,Tapin,etapinh2@ask.com,Genderqueer,183.46.208.136,Jaguar
616,Edan,Behnecke,ebehneckeh3@cornell.edu,Male,162.113.193.70,Volvo
617,Nikoletta,Jacke,njackeh4@pen.io,Genderqueer,228.173.52.202,Toyota
618,Morganica,Dainton,mdaintonh5@hc360.com,Female,246.228.91.251,Isuzu
619,Hanan,Pendlenton,hpendlentonh6@so-net.ne.jp,Male,70.8.212.194,Audi
620,Bryanty,Dominey,bdomineyh7@sogou.com,Male,53.77.117.44,Mitsubishi
621,Blondell,Crush,bcrushh8@skyrock.com,Female,168.101.3.36,Mercedes-Benz
622,Mindy,Chartre,mchartreh9@home.pl,Female,244.74.87.81,Lexus
623,Britta,Breeds,bbreedsha@cdbaby.com,Genderfluid,80.71.59.228,Jeep
624,Agneta,Basile,abasilehb@wordpress.com,Female,153.227.24.194,Pontiac
625,Bethany,Ussher,bussherhc@deviantart.com,Female,210.41.157.27,Cadillac
626,Germain,Newdick,gnewdickhd@goo.ne.jp,Male,123.177.195.201,Pontiac
627,Luther,Kerley,lkerleyhe@si.edu,Male,183.197.98.253,Geo
628,Phoebe,Tout,ptouthf@amazon.de,Female,99.74.86.181,Mitsubishi
629,Hale,MacCaffrey,hmaccaffreyhg@jimdo.com,Male,217.181.76.127,Jeep
630,Gian,Shovelbottom,gshovelbottomhh@comcast.net,Male,15.255.244.181,GMC
631,Doria,MacDermott,dmacdermotthi@livejournal.com,Female,232.79.21.108,Kia
632,Laura,Bartelli,lbartellihj@creativecommons.org,Female,9.137.92.142,Ford
633,Cristi,Hacquard,chacquardhk@economist.com,Female,190.207.244.101,GMC
634,Karney,Gendrich,kgendrichhl@gnu.org,Male,31.172.252.82,Jeep
635,Em,Kerslake,ekerslakehm@scribd.com,Female,126.147.191.34,Chevrolet
636,Linnet,Idel,lidelhn@constantcontact.com,Female,124.120.125.69,Lexus
637,Jemmie,Van der Veldt,jvanderveldtho@homestead.com,Female,68.174.225.47,Porsche
638,Reyna,Shulver,rshulverhp@qq.com,Female,233.249.133.125,Subaru
639,Joletta,Savage,jsavagehq@cbslocal.com,Female,188.251.253.210,Suzuki
640,Fee,Mearns,fmearnshr@ocn.ne.jp,Polygender,244.134.162.174,Cadillac
641,Papagena,Brumfield,pbrumfieldhs@hc360.com,Female,72.48.154.178,Dodge
642,Dotti,Cleugh,dcleughht@amazon.co.uk,Female,233.20.44.153,Hyundai
643,Ronnie,Bartolomieu,rbartolomieuhu@cpanel.net,Male,29.88.13.66,Toyota
644,Adriana,Spaxman,aspaxmanhv@wikipedia.org,Agender,168.198.181.90,Ford
645,Aviva,Baudts,abaudtshw@earthlink.net,Non-binary,70.61.197.97,Ford
646,Agustin,Delhay,adelhayhx@homestead.com,Male,149.113.151.78,Pontiac
647,Page,Presnell,ppresnellhy@lulu.com,Male,231.42.205.158,Mercedes-Benz
648,Murdock,Utterson,muttersonhz@amazonaws.com,Male,215.157.231.238,Land Rover
649,Tory,Whelband,twhelbandi0@sphinn.com,Female,133.42.124.140,Volvo
650,Hilario,Foux,hfouxi1@gnu.org,Male,80.156.148.195,Subaru
651,El,Gounin,egounini2@rakuten.co.jp,Male,58.125.36.61,Mazda
652,Rubina,Sweeten,rsweeteni3@blogger.com,Female,16.24.89.56,Acura
653,Jacquelynn,Bergeon,jbergeoni4@wufoo.com,Female,150.82.8.24,Dodge
654,Angelo,Yelland,ayellandi5@multiply.com,Male,136.206.47.116,GMC
655,Ennis,Wheelband,ewheelbandi6@sakura.ne.jp,Male,19.255.82.65,Toyota
656,Chiarra,Sellar,csellari7@clickbank.net,Female,147.109.51.106,Ford
657,Lise,De la Feld,ldelafeldi8@ed.gov,Female,129.30.153.107,Mitsubishi
658,Leslie,Newvill,lnewvilli9@unesco.org,Male,182.181.237.218,Chevrolet
659,Jack,Miko,jmikoia@goo.ne.jp,Male,180.45.203.138,Hummer
660,Gregg,Tucknott,gtucknottib@vimeo.com,Male,71.27.89.54,Saturn
661,Gerladina,Maggorini,gmaggoriniic@oaic.gov.au,Female,253.135.37.231,Nissan
662,Aubrey,Gaddas,agaddasid@yellowpages.com,Male,16.6.43.154,Nissan
663,Ethelred,Salery,esaleryie@skype.com,Male,220.67.112.250,Mercedes-Benz
664,Bev,Skipsea,bskipseaif@google.nl,Male,57.220.28.18,Mazda
665,Leticia,Stuehmeyer,lstuehmeyerig@umn.edu,Female,224.207.53.192,Bentley
666,Cathrine,Keyser,ckeyserih@163.com,Female,98.243.87.4,Lotus
667,Emyle,Pounder,epounderii@indiatimes.com,Female,135.139.88.72,Oldsmobile
668,Brocky,Taile,btaileij@etsy.com,Male,50.121.149.159,Oldsmobile
669,Phebe,Heisman,pheismanik@nifty.com,Female,58.1.83.153,Suzuki
670,Chrissy,Tasseler,ctasseleril@ameblo.jp,Genderqueer,166.25.202.219,Plymouth
671,Correy,Zorn,czornim@usda.gov,Female,107.166.4.105,Mazda
672,Marcellina,Walhedd,mwalheddin@yale.edu,Female,85.61.68.126,Mercury
673,Bess,Smy,bsmyio@house.gov,Non-binary,75.211.91.253,Lincoln
674,Ag,Hincks,ahincksip@bluehost.com,Female,182.12.181.226,Chevrolet
675,Mohammed,Eagleston,meaglestoniq@yahoo.co.jp,Male,172.137.139.112,Volvo
676,Olivier,Sudworth,osudworthir@boston.com,Male,236.219.13.23,Kia
677,Faustina,Cordes,fcordesis@networksolutions.com,Female,109.12.27.153,Jeep
678,Amble,Redish,aredishit@tumblr.com,Male,89.107.246.242,Land Rover
679,Kendal,Capstick,kcapstickiu@oaic.gov.au,Male,206.244.205.173,BMW
680,Chery,Olyfant,colyfantiv@washingtonpost.com,Female,157.75.114.184,Honda
681,Ewart,Yushin,eyushiniw@npr.org,Male,194.199.7.171,GMC
682,Lawton,Iorns,liornsix@wordpress.com,Male,247.69.250.81,Eagle
683,Netty,Armsden,narmsdeniy@cisco.com,Female,154.42.127.171,Nissan
684,Rosalyn,Mursell,rmurselliz@reverbnation.com,Agender,134.151.188.83,Maybach
685,Bennie,Blakeman,bblakemanj0@apache.org,Female,157.198.204.228,Ford
686,Mamie,Blas,mblasj1@gravatar.com,Female,34.204.234.203,Dodge
687,Clementia,Coldbath,ccoldbathj2@gmpg.org,Female,188.77.29.203,Chevrolet
688,Brenna,Goulder,bgoulderj3@behance.net,Female,82.227.159.5,GMC
689,Freddy,Gooderick,fgooderickj4@merriam-webster.com,Female,26.167.2.85,Ferrari
690,Hadlee,Jackes,hjackesj5@cargocollective.com,Male,117.90.166.71,Nissan
691,Culley,Harris,charrisj6@youtu.be,Male,34.248.69.98,Audi
692,Lewes,Borgne,lborgnej7@abc.net.au,Male,132.158.56.5,Bentley
693,Raquel,Winterscale,rwinterscalej8@samsung.com,Female,224.112.40.227,Volkswagen
694,Rockwell,Cadany,rcadanyj9@dot.gov,Male,106.197.83.182,Toyota
695,Debby,Uren,durenja@free.fr,Female,155.98.77.232,Plymouth
696,Juliet,Wigg,jwiggjb@narod.ru,Female,152.106.48.35,Chevrolet
697,Wenda,Caizley,wcaizleyjc@icio.us,Female,120.112.108.97,Dodge
698,Mattias,Mucklestone,mmucklestonejd@pen.io,Non-binary,27.53.149.113,Chevrolet
699,Drake,Pieter,dpieterje@tripadvisor.com,Male,171.235.52.181,Isuzu
700,Kit,Bydaway,kbydawayjf@amazon.de,Male,219.187.94.55,Acura
701,Jakob,Caldaro,jcaldarojg@redcross.org,Male,251.242.182.243,Chevrolet
702,Rebeca,Winterflood,rwinterfloodjh@bigcartel.com,Female,187.209.91.98,Buick
703,Ruben,Kay,rkayji@goo.gl,Agender,240.130.82.249,Nissan
704,Yalonda,Barkshire,ybarkshirejj@microsoft.com,Female,24.95.163.17,Lincoln
705,Gennifer,Downer,gdownerjk@google.ca,Female,77.133.91.189,Mercury
706,Roldan,Champken,rchampkenjl@plala.or.jp,Male,198.194.9.65,Infiniti
707,Matt,Dubery,mduberyjm@gravatar.com,Male,195.232.204.158,Cadillac
708,Carley,Quakley,cquakleyjn@goo.gl,Female,208.220.20.57,Plymouth
709,Tomkin,McRitchie,tmcritchiejo@github.io,Male,35.125.110.233,Chrysler
710,Trudy,Gumey,tgumeyjp@cargocollective.com,Female,169.85.237.242,Volkswagen
711,Harrietta,Szwandt,hszwandtjq@home.pl,Female,175.127.76.155,Ford
712,Blithe,De Morena,bdemorenajr@quantcast.com,Female,149.19.152.19,Eagle
713,Chicky,Rosencwaig,crosencwaigjs@blogtalkradio.com,Female,175.103.91.141,Chevrolet
714,Shanna,Steaning,ssteaningjt@prweb.com,Female,158.175.169.135,Kia
715,Kate,Winspur,kwinspurju@paginegialle.it,Female,140.113.123.141,Toyota
716,Cordi,Gamblin,cgamblinjv@istockphoto.com,Female,166.84.112.184,Honda
717,Alvin,Radclyffe,aradclyffejw@reference.com,Male,9.167.94.88,Chevrolet
718,Agnese,Girogetti,agirogettijx@shinystat.com,Female,136.249.101.245,Saab
719,Cleavland,Twyford,ctwyfordjy@ow.ly,Male,0.38.114.52,Mercury
720,Creighton,Jenoure,cjenourejz@addthis.com,Male,255.124.124.253,Ford
721,Correna,Vasovic,cvasovick0@prweb.com,Female,181.197.76.19,Jeep
722,Trudey,Cambridge,tcambridgek1@nyu.edu,Female,162.131.78.209,Subaru
723,Sancho,Meier,smeierk2@digg.com,Male,159.67.238.223,BMW
724,Kasey,Entwisle,kentwislek3@yolasite.com,Female,140.49.212.27,Toyota
725,Zebadiah,Mullenger,zmullengerk4@nymag.com,Male,164.53.29.221,Buick
726,Rip,Yakunin,ryakunink5@auda.org.au,Male,222.91.84.240,Mazda
727,Johnnie,Watting,jwattingk6@nature.com,Genderqueer,186.163.224.98,Volkswagen
728,Daphna,Calwell,dcalwellk7@skype.com,Female,249.162.193.39,Chevrolet
729,Marybelle,Ashplant,mashplantk8@desdev.cn,Female,236.46.109.157,Toyota
730,Zara,Riddiough,zriddioughk9@networkadvertising.org,Female,165.36.5.191,Saab
731,Rory,Ghelerdini,rghelerdinika@storify.com,Male,70.182.75.91,Hummer
732,Culver,Brizell,cbrizellkb@unicef.org,Male,181.242.9.241,Mercury
733,Nora,McParlin,nmcparlinkc@narod.ru,Female,0.255.194.190,Buick
734,Fairlie,McFadzean,fmcfadzeankd@so-net.ne.jp,Non-binary,45.126.66.122,Mercury
735,Steve,Baker,sbakerke@cdbaby.com,Male,95.66.122.90,Lexus
736,Ephrayim,Blackly,eblacklykf@bravesites.com,Male,82.225.42.85,Infiniti
737,Bendix,Yeskin,byeskinkg@mashable.com,Male,228.177.157.197,Honda
738,Kane,Billinge,kbillingekh@foxnews.com,Male,6.19.85.243,Buick
739,Hannis,Rowe,hroweki@admin.ch,Female,58.226.119.91,Ford
740,Chance,Addinall,caddinallkj@umich.edu,Male,24.144.166.127,Dodge
741,Hildegaard,Hayhoe,hhayhoekk@mysql.com,Female,6.228.102.123,Buick
742,Ammamaria,McCunn,amccunnkl@gmpg.org,Female,200.54.197.168,Toyota
743,Dud,Feldmark,dfeldmarkkm@issuu.com,Male,29.33.155.193,Dodge
744,Maxie,Billings,mbillingskn@google.de,Male,147.228.202.252,Infiniti
745,Quentin,Ritchman,qritchmanko@squarespace.com,Female,220.194.208.62,GMC
746,Walden,Cogzell,wcogzellkp@google.fr,Male,219.34.173.29,Infiniti
747,Luce,Dykes,ldykeskq@acquirethisname.com,Female,92.172.39.68,Subaru
748,Marlie,Cogley,mcogleykr@fda.gov,Female,164.29.207.161,Ford
749,Charmain,Panting,cpantingks@un.org,Female,45.220.2.233,Audi
750,Chauncey,McLeoid,cmcleoidkt@mapy.cz,Male,97.249.96.193,Ford
751,Hewie,Shore,hshoreku@ebay.co.uk,Male,92.70.124.102,Honda
752,Gizela,Tregona,gtregonakv@livejournal.com,Female,214.72.254.127,Mitsubishi
753,Adrian,Gladbach,agladbachkw@google.fr,Female,68.92.176.206,Chrysler
754,Barty,Southey,bsoutheykx@discovery.com,Male,19.91.190.140,Chevrolet
755,Alayne,Radden,araddenky@vimeo.com,Female,155.84.67.0,Nissan
756,Hulda,McClinton,hmcclintonkz@ning.com,Female,220.107.129.86,Pontiac
757,Penelopa,Rollins,prollinsl0@barnesandnoble.com,Female,135.140.121.112,Mitsubishi
758,Krishna,Wastall,kwastalll1@hexun.com,Male,34.167.155.30,Chevrolet
759,Jervis,Etheredge,jetheredgel2@dropbox.com,Male,132.18.44.58,Mercedes-Benz
760,Bev,Taig,btaigl3@dailymotion.com,Male,15.48.201.251,Mazda
761,Fonz,Stoute,fstoutel4@vkontakte.ru,Male,117.225.186.132,Hyundai
762,Berenice,Ortler,bortlerl5@mysql.com,Female,148.130.125.149,Ford
763,Reed,McPike,rmcpikel6@chronoengine.com,Male,131.18.36.97,Ford
764,Rosy,Gligoraci,rgligoracil7@noaa.gov,Female,223.41.156.80,Mercedes-Benz
765,Ashbey,Cocozza,acocozzal8@ow.ly,Male,30.11.42.64,Mercedes-Benz
766,Davis,Almond,dalmondl9@spiegel.de,Male,13.80.45.124,Mercedes-Benz
767,Jarred,Flannery,jflanneryla@ocn.ne.jp,Male,105.6.15.176,Hyundai
768,Kristien,Aymes,kaymeslb@wix.com,Female,132.178.49.120,Lamborghini
769,Leonerd,Apfelmann,lapfelmannlc@flavors.me,Male,204.165.209.74,Hyundai
770,Katharina,Duddle,kduddleld@ucla.edu,Female,198.194.204.87,Chevrolet
771,Araldo,Dummigan,adummiganle@github.io,Male,185.78.29.32,Mitsubishi
772,Aubrette,Kippie,akippielf@epa.gov,Female,98.86.95.168,GMC
773,Cheri,Ludee,cludeelg@liveinternet.ru,Female,216.89.53.171,Dodge
774,Vern,Moncrieffe,vmoncrieffelh@dyndns.org,Polygender,82.140.197.240,Dodge
775,Celene,Lindblom,clindblomli@1688.com,Female,233.195.133.193,Chevrolet
776,Britni,Antonio,bantoniolj@ca.gov,Female,31.94.16.10,Toyota
777,Modesty,Mount,mmountlk@hc360.com,Female,181.204.68.45,Audi
778,Germaine,Dumbelton,gdumbeltonll@nih.gov,Male,69.135.176.248,Nissan
779,Arnold,Dionsetto,adionsettolm@imdb.com,Male,72.252.181.39,Lexus
780,Hodge,Matous,hmatousln@sohu.com,Male,32.203.143.50,Audi
781,Lazar,Plumridge,lplumridgelo@wufoo.com,Male,102.191.251.145,Isuzu
782,Goldi,Allicock,gallicocklp@photobucket.com,Female,108.112.93.89,Pontiac
783,Cherida,Fulle,cfullelq@slideshare.net,Female,53.17.108.183,Buick
784,Alister,Bremner,abremnerlr@lycos.com,Male,121.111.37.100,Audi
785,Sophronia,Shilleto,sshilletols@zimbio.com,Female,218.65.77.199,Volkswagen
786,Shela,Ledgister,sledgisterlt@lycos.com,Female,170.243.239.90,Nissan
787,Cullan,Rosekilly,crosekillylu@yandex.ru,Male,158.35.18.216,Rolls-Royce
788,Noby,Phythean,nphytheanlv@trellian.com,Male,90.203.28.160,Nissan
789,Arlee,Curtis,acurtislw@woothemes.com,Female,169.238.161.43,Chevrolet
790,Lisle,Penkethman,lpenkethmanlx@fema.gov,Male,188.62.51.244,Lexus
791,Lorena,Bollini,lbollinily@forbes.com,Female,149.206.104.62,Nissan
792,Hubie,Keast,hkeastlz@intel.com,Male,9.223.156.114,Volkswagen
793,Heda,Killingback,hkillingbackm0@ted.com,Female,159.103.65.172,Tesla
794,Korie,Ballintime,kballintimem1@columbia.edu,Female,172.41.226.173,Kia
795,Gerhard,Ruspine,gruspinem2@census.gov,Male,153.73.19.59,Ford
796,Brita,Riguard,briguardm3@etsy.com,Female,201.40.87.68,Infiniti
797,Brett,Everex,beverexm4@google.com.hk,Male,227.220.113.224,Ford
798,Ofelia,Bergen,obergenm5@360.cn,Female,167.243.232.130,Ford
799,Anselma,Stempe,astempem6@whitehouse.gov,Female,81.133.19.19,Ford
800,Nelie,Hedylstone,nhedylstonem7@harvard.edu,Female,230.77.130.178,BMW
801,Sayer,Espadate,sespadatem8@geocities.com,Male,114.149.120.216,GMC
802,Husein,Shellshear,hshellshearm9@npr.org,Male,110.108.158.110,Audi
803,Jennifer,Spieght,jspieghtma@va.gov,Female,101.88.211.174,Mitsubishi
804,Teodorico,Feldberg,tfeldbergmb@tuttocitta.it,Male,194.156.14.244,GMC
805,Farra,Brunger,fbrungermc@google.es,Female,11.11.189.20,Plymouth
806,Dael,Danilchik,ddanilchikmd@joomla.org,Female,69.249.196.201,Cadillac
807,Rollin,Longworth,rlongworthme@furl.net,Male,85.131.178.239,BMW
808,Leupold,Jack,ljackmf@live.com,Male,165.200.208.251,Maserati
809,Mart,Test,mtestmg@123-reg.co.uk,Male,130.100.34.211,Subaru
810,Walther,Sager,wsagermh@microsoft.com,Polygender,186.201.96.8,Mercedes-Benz
811,Marcello,Mordaunt,mmordauntmi@last.fm,Male,153.235.27.95,Chevrolet
812,Clayson,Morlon,cmorlonmj@lulu.com,Male,241.15.196.206,Mercedes-Benz
813,Erna,Golton,egoltonmk@youtube.com,Female,162.148.120.128,Dodge
814,Paloma,Trenear,ptrenearml@apache.org,Female,38.185.72.106,Porsche
815,Nicolle,Volks,nvolksmm@unesco.org,Bigender,178.72.82.99,Volkswagen
816,Aeriel,Creany,acreanymn@t.co,Female,164.200.96.160,Cadillac
817,Gwendolyn,Readman,greadmanmo@amazon.co.uk,Female,21.190.169.75,Honda
818,Salomon,Hinkins,shinkinsmp@unc.edu,Male,88.171.169.91,Ford
819,Ferrel,Edinburough,fedinburoughmq@soundcloud.com,Male,227.168.248.139,Chrysler
820,Brigida,Millery,bmillerymr@time.com,Female,146.51.215.134,Cadillac
821,Immanuel,Cahalin,icahalinms@go.com,Polygender,81.11.32.255,Volvo
822,Filippa,Elldred,felldredmt@addtoany.com,Female,91.43.222.231,Mitsubishi
823,Lolly,Rickhuss,lrickhussmu@si.edu,Female,184.7.118.190,Suzuki
824,Lorine,Hay,lhaymv@state.gov,Female,41.148.151.87,Toyota
825,Delmore,Ugolini,dugolinimw@infoseek.co.jp,Male,242.198.112.4,Ford
826,Eolande,Crow,ecrowmx@patch.com,Female,59.194.115.48,Mazda
827,Filippo,Bundock,fbundockmy@google.co.jp,Male,71.209.214.17,Aston Martin
828,Wilburt,Dyball,wdyballmz@google.cn,Male,98.147.21.0,Saab
829,Agnella,Wilson,awilsonn0@disqus.com,Female,122.120.153.103,Subaru
830,Paola,Bome,pbomen1@marriott.com,Female,229.150.214.96,Pontiac
831,Mikey,Excell,mexcelln2@techcrunch.com,Male,24.124.114.84,BMW
832,Eric,Wilbud,ewilbudn3@stumbleupon.com,Male,45.38.164.22,Cadillac
833,Binnie,Mauchlen,bmauchlenn4@si.edu,Female,209.0.72.95,Audi
834,Tedie,Rennock,trennockn5@vinaora.com,Male,204.110.12.195,Ford
835,Laurence,Frith,lfrithn6@bloglovin.com,Male,101.189.226.28,Volkswagen
836,Othilie,MacShirrie,omacshirrien7@chronoengine.com,Female,117.13.235.90,Kia
837,Aurlie,Lorek,alorekn8@mlb.com,Female,131.138.91.63,Ford
838,Darda,Murby,dmurbyn9@usgs.gov,Female,10.213.208.128,Chevrolet
839,Norman,Pledge,npledgena@xrea.com,Male,238.89.194.33,Toyota
840,Camala,Kinman,ckinmannb@ustream.tv,Female,232.124.118.220,Saturn
841,Sheridan,Barrus,sbarrusnc@mapy.cz,Male,85.88.193.70,Dodge
842,Esmeralda,Neggrini,eneggrinind@go.com,Female,239.100.214.249,Audi
843,Leodora,Dawby,ldawbyne@diigo.com,Female,230.219.181.92,Nissan
844,Shell,Scarrisbrick,sscarrisbricknf@timesonline.co.uk,Female,48.112.20.85,Cadillac
845,Giusto,Edlin,gedlinng@oaic.gov.au,Male,140.168.235.24,BMW
846,Guthrey,Malatalant,gmalatalantnh@wikia.com,Genderfluid,118.242.217.63,Chevrolet
847,Jamie,Blandamere,jblandamereni@pcworld.com,Genderfluid,69.115.236.165,Ford
848,Noe,Donnersberg,ndonnersbergnj@desdev.cn,Male,88.67.251.84,Mercury
849,Rutledge,Biddleston,rbiddlestonnk@state.tx.us,Male,253.129.240.192,BMW
850,Leyla,Otter,lotternl@theglobeandmail.com,Female,39.146.218.188,Lexus
851,Cybil,Gorstidge,cgorstidgenm@cyberchimps.com,Female,106.184.220.80,Subaru
852,Scarface,Aggiss,saggissnn@guardian.co.uk,Male,16.178.119.229,Chrysler
853,Tybie,Williscroft,twilliscroftno@comsenz.com,Female,99.35.235.227,Dodge
854,Reggis,Drage,rdragenp@earthlink.net,Male,40.137.57.101,Ford
855,Pren,Clint,pclintnq@stumbleupon.com,Male,117.227.183.24,Dodge
856,Carree,Le Clercq,cleclercqnr@harvard.edu,Female,25.131.241.249,Toyota
857,Bethena,Giorgetti,bgiorgettins@wix.com,Female,168.72.136.158,Buick
858,Merrick,Kuschke,mkuschkent@bbb.org,Polygender,217.1.154.116,Audi
859,Katrina,Mamwell,kmamwellnu@goo.ne.jp,Female,252.222.207.4,Nissan
860,Bobbie,Sallans,bsallansnv@zdnet.com,Male,229.54.243.208,Acura
861,Bayard,Lugard,blugardnw@sogou.com,Male,244.207.148.169,Chevrolet
862,Barrett,Thorold,bthoroldnx@umn.edu,Male,217.45.3.30,Nissan
863,Blanche,Hounsom,bhounsomny@dion.ne.jp,Female,142.77.242.124,Audi
864,Gerek,Speedy,gspeedynz@github.io,Male,255.54.119.72,Kia
865,Gabriell,Blackater,gblackatero0@ca.gov,Female,162.170.197.14,Mercury
866,Kiley,Duesberry,kduesberryo1@weibo.com,Female,194.242.108.47,BMW
867,Cami,Ohm,cohmo2@twitter.com,Female,2.20.178.85,BMW
868,Barbara-anne,Connell,bconnello3@reuters.com,Female,104.167.153.250,Nissan
869,Sara,Loverock,sloverocko4@wunderground.com,Female,76.166.87.127,Pontiac
870,Manda,Boldero,mbolderoo5@ifeng.com,Female,82.150.236.10,Cadillac
871,Beverlee,Dorsey,bdorseyo6@tiny.cc,Female,103.30.50.210,Honda
872,Fanchon,Fer,ffero7@hatena.ne.jp,Female,80.227.182.244,Ford
873,Sarina,Frayn,sfrayno8@123-reg.co.uk,Female,144.124.41.149,GMC
874,Adella,Stenhouse,astenhouseo9@intel.com,Female,98.23.127.125,Volkswagen
875,Melvin,Abrahim,mabrahimoa@deliciousdays.com,Male,109.80.118.247,Suzuki
876,Faydra,Lies,fliesob@alexa.com,Female,114.219.222.250,Ford
877,Tadeas,Zorzoni,tzorzonioc@myspace.com,Male,152.233.15.66,BMW
878,Suzanna,Caser,scaserod@shinystat.com,Agender,86.14.123.15,Chrysler
879,Hube,MacDermot,hmacdermotoe@sciencedaily.com,Male,12.14.66.1,Volvo
880,Jacenta,Oldred,joldredof@foxnews.com,Female,194.141.189.251,Chevrolet
881,Wolfie,Michelmore,wmichelmoreog@npr.org,Male,221.12.123.113,Audi
882,Christian,Penrose,cpenroseoh@senate.gov,Male,17.132.126.69,Subaru
883,Zachariah,Canny,zcannyoi@alibaba.com,Male,199.205.1.182,Lamborghini
884,Andrej,Imison,aimisonoj@hud.gov,Polygender,233.244.234.50,Porsche
885,Danyette,Vakhrushev,dvakhrushevok@facebook.com,Female,243.120.97.5,Hyundai
886,Stacy,Mirfin,smirfinol@studiopress.com,Male,19.23.93.125,Dodge
887,Barby,Mathey,bmatheyom@china.com.cn,Female,203.218.227.104,Ford
888,Wildon,Fanning,wfanningon@fema.gov,Male,237.122.54.211,Saturn
889,Isabel,Fulop,ifulopoo@economist.com,Genderqueer,246.157.127.30,Mercury
890,Fanechka,Rammell,frammellop@trellian.com,Female,135.163.16.82,GMC
891,Merell,Durrance,mdurranceoq@geocities.jp,Male,28.60.137.234,Mazda
892,Gardie,Duckwith,gduckwithor@ibm.com,Male,149.106.59.70,Ram
893,Gladys,McKerron,gmckerronos@qq.com,Female,100.172.228.7,GMC
894,Julius,Larner,jlarnerot@linkedin.com,Male,36.242.136.222,Pontiac
895,Ethelyn,Loxton,eloxtonou@shareasale.com,Female,79.134.76.46,BMW
896,Myrtia,Grubb,mgrubbov@toplist.cz,Genderfluid,87.138.40.225,Mercedes-Benz
897,Clemmie,Yetts,cyettsow@princeton.edu,Male,45.1.96.32,Mitsubishi
898,Zsazsa,Dreier,zdreierox@walmart.com,Female,14.173.59.53,Pontiac
899,Wally,Soaper,wsoaperoy@mayoclinic.com,Female,15.124.51.191,Nissan
900,Moyra,Nowell,mnowelloz@tmall.com,Female,41.139.67.235,GMC
901,Britte,Havard,bhavardp0@nbcnews.com,Female,53.79.95.138,Audi
902,Leia,McKune,lmckunep1@topsy.com,Female,204.19.206.217,Mazda
903,Abbye,Folland,afollandp2@dot.gov,Female,147.212.212.212,Mercedes-Benz
904,Theo,Haggidon,thaggidonp3@nature.com,Male,185.26.189.29,Oldsmobile
905,Liza,Grishmanov,lgrishmanovp4@yellowpages.com,Female,96.81.66.248,Subaru
906,Betteann,Sultana,bsultanap5@stanford.edu,Female,34.6.194.116,Mercury
907,Ruthi,Beauman,rbeaumanp6@accuweather.com,Female,39.49.178.114,Volkswagen
908,Paco,Herety,pheretyp7@so-net.ne.jp,Male,205.151.87.57,Chevrolet
909,Chelsey,Grishmanov,cgrishmanovp8@narod.ru,Female,1.206.183.47,Volvo
910,Tristan,Nardoni,tnardonip9@woothemes.com,Male,183.216.50.136,Mercury
911,Ulrika,Canner,ucannerpa@adobe.com,Female,139.58.252.49,Kia
912,Fields,Stribbling,fstribblingpb@usda.gov,Male,202.63.114.79,BMW
913,Madella,Wennington,mwenningtonpc@bigcartel.com,Female,245.27.168.63,Lincoln
914,Brett,MacKenney,bmackenneypd@squarespace.com,Female,138.24.217.47,Geo
915,Eben,Pettisall,epettisallpe@hostgator.com,Male,31.6.227.76,Plymouth
916,Tudor,Stuke,tstukepf@nationalgeographic.com,Male,197.86.162.110,Land Rover
917,Torey,De Bernardi,tdebernardipg@ow.ly,Female,79.111.126.31,Isuzu
918,Chariot,Conichie,cconichieph@photobucket.com,Male,60.194.252.52,Lincoln
919,Cristiano,Haensel,chaenselpi@techcrunch.com,Male,140.100.241.94,Lotus
920,Nathalia,Jiras,njiraspj@yahoo.co.jp,Genderqueer,81.251.211.152,Mazda
921,Pennie,Kuscha,pkuschapk@youtu.be,Male,165.141.97.110,Nissan
922,Marmaduke,Dublin,mdublinpl@tamu.edu,Male,120.7.5.231,Hyundai
923,Karylin,Baldery,kbalderypm@bbb.org,Female,151.97.130.47,Nissan
924,Yoshiko,Carnihan,ycarnihanpn@statcounter.com,Female,172.127.94.92,Chrysler
925,Currey,Drinan,cdrinanpo@xinhuanet.com,Male,35.26.50.180,BMW
926,Oberon,Fosse,ofossepp@howstuffworks.com,Male,39.129.183.151,Chevrolet
927,Jandy,Bleakman,jbleakmanpq@census.gov,Female,104.228.63.173,Pontiac
928,Othello,Frisch,ofrischpr@yale.edu,Male,160.211.91.195,Volkswagen
929,Bronny,McClenan,bmcclenanps@newyorker.com,Male,7.31.178.190,GMC
930,Ingamar,Fundell,ifundellpt@lulu.com,Male,186.250.16.249,Chevrolet
931,Cherin,MacDonald,cmacdonaldpu@adobe.com,Female,151.182.60.207,Acura
932,Catina,Harniman,charnimanpv@howstuffworks.com,Female,164.200.88.228,GMC
933,Lindy,Longhorn,llonghornpw@vkontakte.ru,Male,50.222.205.241,Cadillac
934,Stanwood,Filipczynski,sfilipczynskipx@unesco.org,Male,237.29.3.156,Ford
935,Betty,Paz,bpazpy@ehow.com,Female,249.218.147.49,Mercedes-Benz
936,Marcile,McGiven,mmcgivenpz@wired.com,Female,241.59.137.95,Geo
937,Ulberto,Karlsen,ukarlsenq0@jalbum.net,Male,175.228.145.197,Aston Martin
938,Birdie,Baudichon,bbaudichonq1@sun.com,Female,63.211.233.77,Volvo
939,Brit,Greenacre,bgreenacreq2@blinklist.com,Agender,77.87.105.176,Hyundai
940,Kori,Downie,kdownieq3@wikipedia.org,Female,249.138.136.161,Mitsubishi
941,Tomas,Elmer,telmerq4@photobucket.com,Male,182.17.106.147,Oldsmobile
942,Judi,Guisot,jguisotq5@tamu.edu,Female,38.149.212.115,Ford
943,Deborah,Rubanenko,drubanenkoq6@ucoz.ru,Polygender,117.185.128.143,GMC
944,Lara,Nigh,lnighq7@flavors.me,Polygender,244.193.242.214,GMC
945,Catha,Beining,cbeiningq8@canalblog.com,Genderfluid,132.25.171.13,Porsche
946,Findley,Huckle,fhuckleq9@nifty.com,Male,44.108.244.23,GMC
947,Christiane,Halversen,chalversenqa@zimbio.com,Female,222.248.63.97,Kia
948,Riccardo,Labet,rlabetqb@free.fr,Male,110.68.26.38,Lincoln
949,Symon,Runnett,srunnettqc@nih.gov,Male,29.69.253.202,Volvo
950,Decca,Mattaus,dmattausqd@topsy.com,Male,87.84.79.91,Chevrolet
951,Nancey,Friary,nfriaryqe@sourceforge.net,Female,24.74.231.55,Audi
952,Velvet,Ugolotti,vugolottiqf@google.es,Female,130.52.201.237,Dodge
953,Jorey,Sisland,jsislandqg@about.com,Female,8.1.44.187,Land Rover
954,Hynda,Battista,hbattistaqh@shareasale.com,Female,124.218.204.250,Chevrolet
955,Dareen,Southgate,dsouthgateqi@ow.ly,Female,248.76.30.139,Shelby
956,Stephannie,O'Doherty,sodohertyqj@geocities.com,Female,181.184.8.90,Cadillac
957,Orel,Sayse,osayseqk@cbc.ca,Female,140.71.244.157,Ford
958,Archibold,Gauld,agauldql@over-blog.com,Male,96.171.78.51,Mazda
959,Josi,Hackney,jhackneyqm@feedburner.com,Female,201.151.5.113,Toyota
960,Alanna,Spatoni,aspatoniqn@surveymonkey.com,Female,230.34.247.4,Fairthorpe
961,Andie,Schimmang,aschimmangqo@instagram.com,Male,13.140.203.218,Porsche
962,Dominic,Imison,dimisonqp@indiatimes.com,Male,250.43.178.223,Mazda
963,Terrye,Haville,thavilleqq@freewebs.com,Female,180.107.168.27,Mercedes-Benz
964,Latrena,Minard,lminardqr@sourceforge.net,Female,2.91.8.223,Dodge
965,Gayle,Dady,gdadyqs@si.edu,Polygender,225.129.111.31,GMC
966,Augustine,Mendel,amendelqt@1688.com,Female,100.55.60.223,Bentley
967,Murielle,Taig,mtaigqu@cmu.edu,Female,250.254.131.11,Chevrolet
968,Hasheem,Lesurf,hlesurfqv@google.com.hk,Bigender,76.246.227.163,Toyota
969,Lon,Leggon,lleggonqw@webnode.com,Male,32.239.236.155,Chevrolet
970,Millard,Burgen,mburgenqx@tmall.com,Male,64.136.153.149,Chevrolet
971,Laurice,Sone,lsoneqy@nymag.com,Female,222.101.197.84,Pontiac
972,Murvyn,Diboll,mdibollqz@harvard.edu,Male,77.25.45.126,GMC
973,Nelie,Sprigin,nspriginr0@nationalgeographic.com,Female,232.19.167.37,Maserati
974,Effie,Keveren,ekeverenr1@zimbio.com,Female,242.143.47.6,Toyota
975,Katina,Smidmor,ksmidmorr2@edublogs.org,Female,42.20.17.3,Ford
976,Terrell,Angelini,tangelinir3@aol.com,Male,154.156.209.135,Volkswagen
977,Ailee,Rothert,arothertr4@state.tx.us,Female,240.205.241.206,Mercedes-Benz
978,Juditha,Canet,jcanetr5@blinklist.com,Bigender,169.171.155.7,Mercedes-Benz
979,Risa,Sambeck,rsambeckr6@phoca.cz,Female,245.147.183.80,Pontiac
980,Kip,Brahm,kbrahmr7@netvibes.com,Male,143.20.103.81,Chevrolet
981,Raymund,Swanbourne,rswanbourner8@smugmug.com,Male,34.253.152.49,Bentley
982,Cristen,Rake,craker9@unesco.org,Female,243.55.145.163,Porsche
983,Daile,Brookhouse,dbrookhousera@sourceforge.net,Female,63.244.149.174,Lincoln
984,Free,Youles,fyoulesrb@symantec.com,Male,134.93.95.110,Lexus
985,Noel,Grisedale,ngrisedalerc@wikipedia.org,Male,251.55.132.229,Pontiac
986,Gianina,Lefeuvre,glefeuvrerd@hubpages.com,Female,228.88.115.21,GMC
987,Alayne,Calver,acalverre@skyrock.com,Female,26.130.153.73,Mazda
988,Halimeda,Twine,htwinerf@amazon.co.jp,Female,46.117.214.209,Mazda
989,Rosalie,Huckle,rhucklerg@bandcamp.com,Female,46.81.177.132,Mercedes-Benz
990,Onofredo,Pym,opymrh@businesswire.com,Male,199.100.56.91,Chevrolet
991,Candace,Teers,cteersri@ucsd.edu,Female,171.141.24.89,Ford
992,Jacques,Meeking,jmeekingrj@lycos.com,Male,137.194.254.171,Mazda
993,Fernando,Petchell,fpetchellrk@msu.edu,Male,240.140.33.244,Dodge
994,Georgie,Sworn,gswornrl@example.com,Female,2.123.101.150,Lincoln
995,Cristin,Burd,cburdrm@sogou.com,Female,78.29.84.235,Ford
996,Bil,Goult,bgoultrn@npr.org,Male,242.34.140.8,Dodge
997,Willey,Berr,wberrro@craigslist.org,Male,19.23.29.46,Chevrolet
998,Ira,Grattage,igrattagerp@hhs.gov,Male,25.71.175.220,Mazda
999,Babbette,Dever,bdeverrq@pen.io,Female,24.114.73.61,Audi
1000,Darnall,Azam,dazamrr@tinypic.com,Male,214.4.154.173,Audi
